time,latitude,longitude,magnitude
2015-01-04 03:18:09.480,34.6173333,-118.6301667,4.25
2015-01-04 09:56:43.113,41.8841,-119.6294,4.1
2015-01-04 20:08:14.199,41.8825,-119.6389,3.9
2015-01-05 01:47:21.986,41.8698,-119.6366,3.7
2015-01-05 15:35:50.158,41.8852,-119.641,3.7
2015-01-13 04:29:42.824,41.8791,-119.6235,3.8
2015-01-13 04:31:07.859,41.8694,-119.6372,3.6
2015-01-14 10:44:35.040,40.3195,-124.6121667,4.28
2015-01-18 13:23:43.010,33.3383333,-116.3316667,3.68
2015-01-20 13:21:36.970,36.4333333,-120.971,4.43
2015-01-22 02:05:14.238,41.8996,-119.6444,3.9
2015-01-22 09:09:16.708,41.8833,-119.6332,4.5
2015-01-28 21:08:53.710,40.3178333,-124.6066667,5.72
2015-01-29 11:03:19.351,41.8797,-119.6241,4.2
2015-01-29 17:39:33.607,41.8948,-119.6309,3.6
2015-01-29 19:13:55.180,40.3113333,-124.5891667,4.25
2015-02-14 02:28:56.228,37.1418,-117.2618,4.8
2015-02-16 06:27:26.857,41.855,-119.6445,3.6
2015-02-26 01:18:37.470,33.9376667,-116.0285,3.67
2015-02-26 19:17:48.408,41.9131,-119.5679,3.5
2015-02-28 10:41:36.738,38.9075,-115.3789,3.9
2015-03-10 07:06:34.830,40.3293333,-124.6571667,3.79
2015-03-17 05:36:47.730,40.1705,-121.0621667,3.79
2015-03-24 04:46:19.410,35.2673333,-118.58,3.56
2015-03-27 13:30:14.330,36.2271667,-120.3528333,4.11
2015-03-27 15:36:57.470,33.9298333,-116.032,3.67
2015-03-30 09:21:56.690,34.7911667,-116.2611667,4.04
2015-04-02 07:06:03.870,37.792,-121.9868333,3.61
2015-04-08 19:23:15.390,32.376,-115.2085,4.27
2015-04-08 19:30:28.070,32.4111667,-115.2448333,4.03
2015-05-03 11:07:18.080,33.9936667,-118.3613333,3.8
2015-05-03 14:56:15.280,38.4438,-118.7299,3.5
2015-05-03 22:13:19.500,37.9665,-122.0436667,3.64
2015-05-04 11:56:42.373,39.0869,-115.6756,3.7
2015-05-06 07:39:46.970,33.8128333,-116.9795,3.72
2015-05-06 14:32:04.070,37.9661667,-122.0433333,3.51
2015-05-10 15:42:58.860,35.0286667,-119.0738333,3.82
2015-05-19 18:36:01.620,36.6628333,-120.8701667,3.82
2015-05-21 03:15:29.690,33.1621667,-115.6425,4.1
2015-05-22 02:53:00.780,38.4316667,-122.2503333,4.09
2015-05-22 18:47:42.980,37.2925,-114.6546,5.3
2015-05-22 19:05:23.910,37.3138,-114.639,3.8
2015-05-22 19:41:22.383,37.309,-114.6519,3.5
2015-05-24 17:06:02.050,38.9762,-116.0637,3.6
2015-05-26 10:17:35.820,40.6508333,-124.712,4.34
2015-05-30 05:23:56.720,33.8766667,-116.1425,3.7
2015-05-31 13:02:56.460,33.3135,-116.2816667,3.59
2015-06-02 01:31:11.550,35.8595,-117.6888333,3.51
2015-06-04 15:12:49.190,35.4823333,-118.4238333,3.52
2015-06-09 21:58:41.530,33.778,-115.7006667,3.83
2015-06-14 18:34:52.280,35.7216667,-117.599,3.63
2015-07-02 19:38:39.760,32.981,-115.5813333,3.57
2015-07-07 18:46:27.850,34.0953333,-120.6366667,3.63
2015-07-10 03:29:49.160,38.8081667,-122.7903333,3.83
2015-07-16 01:52:11.994,41.8986,-119.6367,4.6
2015-07-16 01:57:26.295,41.9006,-119.6373,4.0
2015-07-16 05:51:30.423,41.8534,-119.6478,3.8
2015-07-16 09:45:34.128,41.8714,-119.6366,3.7
2015-07-16 17:14:32.288,41.8954,-119.63,3.7
2015-07-21 09:41:14.480,37.5776667,-121.974,3.98
2015-07-22 22:07:07.567,41.8878,-119.6288,4.0
2015-07-25 12:54:06.990,34.092,-117.445,3.81
2015-07-27 01:05:33.610,41.8875,-119.6226,4.5
2015-07-27 07:00:30.094,41.8799,-119.618,3.6
2015-08-01 18:42:18.577,41.9052,-119.6351,3.8
2015-08-12 22:02:37.266,40.1305,-119.1781,3.5
2015-08-13 11:31:07.857,41.8856,-119.622,4.2
2015-08-14 06:32:17.728,41.8841,-119.6241,3.5
2015-08-17 07:39:09.710,32.1896667,-117.7175,3.75
2015-08-17 13:49:17.320,37.8366667,-122.2321667,4.01
2015-08-22 13:34:48.830,37.5975,-118.7878333,3.71
2015-08-23 17:41:18.670,38.7843333,-122.7436667,3.83
2015-08-29 08:13:14.110,39.481,-123.5968333,3.56
2015-09-08 02:15:19.980,38.6488,-118.8064,4.4
2015-09-08 02:21:31.118,38.6514,-118.8018,3.5
2015-09-08 08:13:42.940,41.9868333,-120.1623333,3.52
2015-09-14 13:55:48.087,41.8594,-119.6271,4.7
2015-09-16 16:10:47.340,34.1371667,-116.858,4.0
2015-09-18 20:11:48.663,38.4719,-118.3649,3.6
2015-09-27 02:44:00.617,41.8709,-119.6123,4.2
2015-09-28 21:36:40.160,39.4435,-122.9865,3.91
2015-09-29 00:03:30.399,41.8542,-119.6368,4.2
2015-10-19 23:21:17.680,37.7918333,-121.9635,3.6
2015-10-29 16:47:40.216,41.9025,-119.6002,3.9
2015-10-31 06:10:47.380,39.6036667,-121.935,3.53
2015-11-02 23:22:43.325,37.9273,-118.1683,3.5
2015-11-03 13:01:06.872,41.8587,-119.6328,3.5
2015-11-13 07:36:07.300,36.776,-121.2906667,3.51
2015-11-19 01:40:02.547,41.8696,-119.619,4.2
2015-11-19 01:50:17.403,41.8731,-119.6231,4.0
2015-12-06 11:13:27.887,41.8575,-119.6317,4.1
2015-12-18 00:21:00.930,33.2561667,-115.7183333,3.6
2015-12-19 17:36:49.290,32.0941667,-115.1536667,3.61
2015-12-21 08:47:35.122,41.8745,-119.596,3.5
2015-12-23 06:46:07.342,39.4309,-119.7845,4.4
2015-12-24 19:14:46.450,37.411,-118.5123333,3.72
2015-12-24 20:30:38.087,41.8807,-119.5937,4.4
2015-12-25 02:36:49.840,41.8723,-119.602,3.6
2015-12-26 08:04:31.150,35.2121667,-117.2808333,3.74
2015-12-26 11:55:16.430,35.2115,-117.28,3.78
2015-12-27 18:31:18.030,35.2143333,-117.2815,4.25
2015-12-28 15:10:30.588,41.4562,-118.905,4.1
2015-12-29 13:23:33.913,41.8743,-119.6072,3.5
2015-12-30 01:48:57.310,34.191,-117.4131667,4.4
2015-12-30 01:53:45.550,34.1876667,-117.408,3.77
2016-01-02 05:11:46.620,40.3083333,-124.6871667,4.44
2016-01-03 15:35:23.944,41.8685,-119.6,4.1
2016-01-06 14:42:34.880,33.9585,-116.8883333,4.39
2016-01-07 05:49:52.430,40.2731667,-124.3395,4.31
2016-01-07 08:29:28.830,40.278,-124.324,3.66
2016-01-14 04:23:58.850,35.4056667,-117.8098333,3.61
2016-01-19 10:21:06.950,34.692,-116.2368333,3.65
2016-01-24 15:32:16.360,34.6971667,-116.2391667,4.11
2016-02-04 07:20:58.120,35.4606667,-119.9756667,3.51
2016-02-08 06:20:42.400,35.4643333,-119.9733333,3.54
2016-02-15 15:42:52.610,37.5713333,-118.8573333,3.74
2016-02-16 09:24:20.700,34.3026667,-116.8633333,3.87
2016-02-16 23:04:26.910,37.2023333,-118.4035,4.77
2016-02-16 23:27:31.020,37.2023333,-118.3998333,4.31
2016-02-20 06:13:20.330,34.6098333,-116.6288333,4.31
2016-02-23 03:19:52.940,34.6943333,-116.2428333,4.1
2016-02-24 00:02:23.630,35.5423333,-119.3728333,4.87
2016-03-03 02:57:19.443,41.8535,-119.6246,3.5
2016-03-12 08:42:40.300,34.5216667,-119.0748333,4.13
2016-03-19 21:20:32.380,38.8485,-122.758,3.73
2016-03-21 07:37:10.535,38.4792,-118.3662,4.3
2016-03-22 10:00:45.356,38.6555,-118.7841,4.1
2016-03-24 02:14:21.472,41.9048,-119.6056,3.5
2016-04-06 11:44:20.180,34.0788333,-119.2903333,3.51
2016-04-08 12:58:31.010,38.8263333,-122.8495,3.77
2016-05-05 13:49:30.490,36.462,-114.0263,3.8
2016-05-05 23:11:45.008,40.6519,-119.5093,3.5
2016-05-08 08:53:19.067,40.7593,-119.2499,3.6
2016-05-12 05:29:55.440,38.8158333,-122.8206667,3.83
2016-05-14 14:20:30.755,40.6519,-119.4521,3.9
2016-05-17 07:27:41.749,41.8977,-119.6286,3.5
2016-05-17 22:58:06.000,35.9686667,-120.5261667,3.5
2016-06-01 20:57:01.868,41.8765,-119.6301,3.6
2016-06-03 07:19:42.565,39.5895,-115.8242,4.0
2016-06-10 08:04:38.700,33.4315,-116.4426667,5.19
2016-06-10 08:05:35.800,33.4425,-116.405,3.75
2016-06-15 10:12:23.759,38.7212,-117.8439,3.5
2016-06-16 17:02:02.530,34.0723333,-116.3785,3.53
2016-06-21 21:55:47.400,32.9735,-115.5718333,3.89
2016-07-07 12:55:25.250,32.909,-115.5313333,3.76
2016-07-07 23:14:40.556,38.6539,-118.7984,4.3
2016-07-07 23:40:45.777,38.6516,-118.7943,4.5
2016-07-18 05:53:31.160,36.6898333,-121.3251667,3.84
2016-07-18 09:27:25.020,37.0295,-121.1981667,3.68
2016-07-19 21:38:38.910,36.6925,-121.3296667,4.22
2016-07-19 21:39:20.380,36.697,-121.3413333,3.93
2016-07-21 23:09:05.780,40.7243333,-123.8918333,4.81
2016-07-31 16:21:05.830,32.9583333,-115.7605,4.03
2016-08-02 11:31:04.390,40.1411667,-120.2295,3.74
2016-08-04 04:55:35.040,40.1538333,-120.2131667,4.48
2016-08-04 04:58:32.600,40.1506667,-120.2153333,3.99
2016-08-10 02:57:17.510,39.3293333,-122.8018333,5.09
2016-08-10 13:12:28.600,39.9603333,-122.7846667,3.84
2016-08-15 16:17:21.510,36.7015,-121.338,3.62
2016-08-18 03:39:54.830,36.3993333,-117.8653333,3.53
2016-08-21 21:47:48.290,37.6231667,-118.8928333,3.53
2016-08-28 21:20:52.090,40.4365,-123.4078333,4.49
2016-09-13 07:50:22.080,37.8046667,-122.1975,3.54
2016-09-26 14:31:08.040,33.2976667,-115.7136667,4.32
2016-09-27 03:23:58.150,33.2998333,-115.7123333,4.33
2016-09-27 03:36:15.240,33.3058333,-115.701,4.13
2016-09-28 01:05:51.190,33.2986667,-115.7118333,3.64
2016-10-01 07:53:29.350,36.2435,-120.36,3.52
2016-10-08 22:43:49.150,34.0075,-117.2521667,3.74
2016-10-18 22:09:07.690,36.713,-121.3113333,3.55
2016-10-27 06:37:23.630,40.3461667,-124.5465,4.11
2016-11-03 12:57:33.560,39.6621667,-123.6311667,3.82
2016-11-06 13:00:46.390,39.6598333,-123.6373333,4.06
2016-11-09 00:55:46.860,36.4631667,-121.007,3.6
2016-12-04 07:40:16.934,39.0501,-118.8113,3.9
2016-12-05 18:33:15.480,40.2785,-124.386,4.35
2016-12-14 07:44:24.970,37.6381667,-118.9251667,3.99
2016-12-14 11:58:39.840,35.5606667,-120.805,3.95
2016-12-14 16:41:05.530,38.8221667,-122.8413333,5.01
2016-12-16 01:25:52.900,32.83,-116.1285,3.5
2016-12-28 08:18:00.613,38.3755,-118.8989,5.6
2016-12-28 08:22:12.208,38.3904,-118.8972,5.6
2016-12-28 08:26:06.864,38.3897,-118.8929,3.8
2016-12-28 08:29:39.648,38.3716,-118.9409,3.7
2016-12-28 08:48:58.820,38.3905,-118.8923,3.5
2016-12-28 08:57:20.062,38.3619,-118.9092,3.8
2016-12-28 09:13:47.243,38.3777,-118.8957,5.5
2016-12-28 12:18:13.136,38.4091,-118.9101,3.9
2016-12-28 12:31:54.922,38.4087,-118.9123,3.5
2016-12-28 14:40:12.205,38.2987,-118.8221,3.5
2016-12-28 16:28:21.906,38.3438,-118.8833,3.7
2016-12-28 17:56:59.830,34.1513333,-116.7071667,3.92
2016-12-28 22:00:00.599,38.3993,-118.9119,3.7
2016-12-31 22:41:26.530,32.9745,-115.5483333,3.74
2016-12-31 23:06:56.130,32.975,-115.5458333,3.88
2016-12-31 23:25:27.120,32.9748333,-115.5388333,3.63
2017-01-02 02:11:09.960,38.7012,-118.4766,3.8
2017-01-02 13:05:08.707,38.3889,-118.9285,3.6
2017-01-13 03:17:52.895,38.4251,-118.897,3.6
2017-01-18 08:04:32.288,38.4063,-118.9266,3.7
2017-01-23 03:15:19.780,36.5886667,-121.1448333,3.5
2017-01-23 04:22:52.290,33.0018333,-118.8998333,3.57
2017-01-27 19:08:29.710,38.7935,-122.7561667,3.89
2017-02-03 16:13:42.340,40.2385,-123.6468333,3.68
2017-02-21 00:57:52.710,38.7958333,-122.7353333,4.16
2017-02-26 14:58:40.100,36.959,-121.5756667,3.6
2017-03-01 20:18:39.150,33.1341667,-115.8621667,3.61
2017-03-02 20:23:45.020,40.2905,-124.3951667,3.85
2017-03-06 19:19:20.810,40.3523333,-124.7748333,4.04
2017-03-08 17:20:23.530,36.6355,-121.2558333,3.72
2017-03-13 14:39:04.160,35.8795,-120.0611667,3.52
2017-03-14 05:06:54.460,34.0388333,-117.2386667,3.61
2017-03-14 17:14:05.580,33.239,-116.0535,3.61
2017-03-22 18:57:32.990,32.225,-115.2278333,3.99
2017-03-22 18:59:06.170,32.224,-115.2238333,3.81
2017-03-26 08:25:44.690,33.2191667,-116.0825,3.54
2017-03-27 01:45:55.320,36.1658333,-118.723,3.56
2017-03-31 10:55:53.700,36.8776667,-121.6141667,4.0
2017-04-08 04:40:13.992,41.8708,-119.635,3.5
2017-04-13 22:21:02.320,36.4725,-120.9975,3.52
2017-04-17 20:31:45.180,38.774,-122.7223333,3.73
2017-04-29 17:07:00.020,32.4128333,-115.232,3.69
2017-04-30 01:29:19.710,37.8251667,-121.806,3.78
2017-04-30 10:12:16.340,38.7883333,-122.7771667,3.98
2017-05-15 18:43:08.110,34.2271667,-116.743,3.58
2017-05-17 04:42:25.330,34.4191667,-120.0021667,4.06
2017-05-25 15:42:51.500,36.1813333,-117.8455,3.71
2017-06-04 00:06:56.930,35.3975,-117.7128333,3.64
2017-06-06 22:45:25.164,38.7848,-119.6332,3.7
2017-06-10 04:31:06.552,38.792,-119.6331,3.5
2017-06-11 12:19:29.750,41.0418333,-124.1116667,3.53
2017-06-24 21:22:03.060,40.2878333,-124.2988333,4.03
2017-06-25 13:53:24.760,34.001,-116.9018333,3.53
2017-06-27 09:02:02.720,39.4675,-120.3388333,3.73
2017-06-27 09:09:21.860,39.4696667,-120.3343333,3.95
2017-06-30 19:34:38.820,37.5135,-118.9595,3.53
2017-07-09 09:12:05.040,37.5083333,-118.9543333,3.88
2017-07-10 01:44:12.770,40.62,-123.2913333,3.74
2017-07-17 09:27:04.956,36.7304,-115.9092,4.1
2017-07-26 19:43:57.700,33.1646667,-115.6463333,3.6
2017-08-03 21:25:01.635,40.4066,-119.9854,3.5
2017-08-12 03:00:10.260,38.0601667,-118.9173333,3.95
2017-08-22 19:51:59.450,35.9043333,-116.9223333,4.12
2017-08-24 12:54:32.120,38.7975,-122.7795,3.5
2017-08-31 15:59:16.280,38.621,-122.7033333,3.52
2017-09-19 06:20:44.370,34.0866667,-118.4756667,3.61
2017-09-19 18:45:43.780,36.0193333,-117.7698333,3.65
2017-09-20 17:10:08.630,40.8913333,-121.9836667,3.65
2017-09-22 23:17:19.050,40.4953333,-124.4173333,3.91
2017-09-26 08:40:06.317,38.3639,-118.8962,3.5
2017-10-08 01:10:45.592,41.8912,-119.6568,3.5
2017-10-10 00:53:18.270,37.3135,-121.672,4.09
2017-10-11 03:01:25.872,41.982,-118.5809,3.5
2017-10-13 23:10:32.130,39.2846667,-123.2341667,3.94
2017-10-24 07:00:51.690,33.1591667,-118.7178333,3.9
2017-10-26 20:38:51.340,34.4213333,-120.6785,4.33
2017-10-26 23:18:28.670,33.4618333,-118.1836667,3.71
2017-11-10 00:23:30.180,33.462,-116.4666667,3.52
2017-11-13 19:31:29.050,36.6305,-121.2443333,4.58
2017-11-15 01:23:53.150,36.6271667,-121.2378333,3.76
2017-12-07 00:33:15.330,33.1478333,-116.4791667,3.96
2017-12-07 03:57:38.180,33.1501667,-116.4795,3.57
2017-12-07 10:32:47.160,33.147,-116.4781667,3.53
2017-12-08 17:06:26.730,37.5513333,-118.8155,3.66
2017-12-08 22:19:17.110,37.5473333,-118.8103333,3.78
2017-12-09 02:27:47.510,37.5501667,-118.8065,3.52
2017-12-14 04:57:18.580,39.6076667,-123.6458333,4.26
2017-12-15 06:47:38.830,40.4218333,-124.592,3.87
2017-12-27 06:32:09.060,37.3965,-121.7468333,3.9
2017-12-29 04:45:42.610,40.2851667,-124.5095,3.82
2017-12-31 19:49:06.270,40.4846667,-123.39,3.76
2018-01-04 10:39:37.730,37.8551667,-122.2568333,4.38
2018-01-07 01:31:11.150,34.42,-120.0015,3.78
2018-01-13 06:26:58.400,33.1141667,-116.0738333,3.59
2018-01-14 19:56:11.650,34.8168333,-116.0733333,3.71
2018-01-18 05:55:11.950,38.785,-122.7433333,4.22
2018-01-24 06:02:33.030,36.9373333,-121.661,3.6
2018-01-25 10:09:56.810,33.741,-117.4911667,3.97
2018-02-11 09:02:30.140,33.6528333,-117.3418333,3.52
2018-02-23 20:19:39.660,37.8263333,-121.9845,3.51
2018-02-24 21:02:19.160,37.338,-117.907,3.51
2018-02-26 18:44:41.990,33.4825,-116.5036667,3.66
2018-03-07 18:05:00.420,35.4871667,-120.0265,3.69
2018-03-09 06:01:28.350,40.2918333,-124.5423333,4.48
2018-03-11 12:45:22.130,33.1778333,-116.0291667,3.56
2018-03-22 16:24:49.560,40.7513333,-124.3891667,4.42
2018-03-23 03:09:39.100,40.4278333,-124.5108333,4.66
2018-04-05 19:29:16.220,33.8198333,-119.734,5.29
2018-04-13 15:24:46.040,35.392,-118.5445,3.69
2018-04-16 16:36:48.880,35.0435,-119.0423333,3.78
2018-04-16 16:39:26.470,37.4346667,-121.773,3.82
2018-04-22 16:04:16.550,37.475,-118.5535,3.6
2018-04-23 00:46:08.900,33.921,-116.3216667,3.87
2018-04-26 01:36:00.560,33.3796667,-116.2983333,3.94
2018-05-01 11:22:22.130,32.7871667,-118.439,3.74
2018-05-08 11:49:34.020,34.016,-116.7798333,4.49
2018-05-10 02:58:30.910,38.81,-122.7971667,4.19
2018-05-13 00:35:03.450,33.0406667,-115.9205,3.69
2018-05-13 12:05:47.300,33.056,-115.9193333,3.52
2018-05-30 19:22:05.300,33.9241667,-116.3225,3.77
2018-06-08 17:23:52.770,39.2758333,-123.2333333,3.72
2018-06-17 18:34:58.810,33.1351667,-115.6273333,3.63
2018-07-05 15:17:36.947,35.8945,-115.7758,4.5
2018-07-07 15:37:03.560,34.8028333,-116.2788333,3.55
2018-07-10 11:08:37.420,34.0108333,-117.5846667,3.57
2018-07-30 22:22:53.470,38.0828333,-122.4096667,3.66
2018-08-15 01:24:26.310,33.4771667,-116.8033333,4.41
2018-08-29 02:33:28.330,34.1363333,-117.7746667,4.38
2018-08-30 22:08:09.700,39.2371667,-120.1093333,3.75
2018-09-01 12:19:54.550,32.0881667,-115.023,3.99
2018-09-01 15:45:06.620,38.8263333,-122.8115,3.76
2018-09-29 02:17:46.720,32.3476667,-115.184,4.41
2018-09-30 14:41:29.510,34.002,-117.0178333,3.61
2018-10-05 13:29:37.550,36.7533333,-121.3536667,3.83
2018-10-24 21:28:02.960,36.6015,-117.9796667,3.59
2018-11-02 12:58:54.230,36.6801667,-121.3146667,4.11
2018-11-02 13:22:45.940,36.6793333,-121.3055,3.56
2018-11-02 15:27:03.690,36.6763333,-121.303,3.55
2018-11-09 14:45:50.680,33.4835,-116.8021667,3.7
2018-11-09 14:58:09.270,33.4853333,-116.8048333,3.78
2018-11-09 20:31:48.410,39.4251667,-123.2875,3.79
2018-11-10 19:56:02.860,38.061,-122.2285,3.53
2018-11-19 20:18:42.510,32.2065,-115.2535,4.82
2018-11-19 23:49:15.230,32.2073333,-115.226,3.51
2018-11-20 01:37:39.420,32.2201653,-115.231163,3.52
2018-11-27 13:07:12.830,36.0735,-120.1881667,4.0
2018-11-29 13:48:53.480,33.014,-115.9866667,3.91
2018-12-05 21:40:16.620,35.7303333,-117.0776667,4.2
2018-12-05 22:10:06.190,35.7286667,-117.0745,3.73
2018-12-17 02:52:01.740,35.9568333,-116.7345,3.62
2018-12-20 13:24:02.129,39.1129,-119.729,3.6
2018-12-20 20:18:22.940,33.4813333,-116.799,3.52
2019-01-15 20:20:20.120,40.3216667,-124.4723333,4.08
2019-01-15 20:21:36.640,40.322,-124.4338333,3.81
2019-01-17 02:41:34.880,33.1818333,-115.6076667,3.9
2019-01-22 08:24:44.460,32.9485,-115.5156667,3.58
2019-01-25 20:31:58.652,38.3846,-115.8295,3.8
2019-01-30 02:40:12.280,34.4076667,-116.8918333,3.56
2019-02-02 10:52:21.990,40.3006667,-124.4946667,4.3
2019-02-03 01:38:24.340,40.2955,-124.462,3.64
2019-02-03 22:18:12.650,40.2893333,-124.4741667,4.48
2019-02-03 23:43:21.810,40.307,-124.4965,4.19
2019-02-06 18:23:01.570,40.8465,-123.8395,4.39
2019-02-07 16:41:24.540,34.704,-116.2861667,3.97
2019-02-17 09:55:24.160,38.3515,-122.3983333,3.7
2019-03-02 05:55:56.600,40.2985,-124.5286667,3.79
2019-03-20 14:51:55.438,40.6533,-117.5608,3.5
2019-03-29 04:55:25.890,40.4288333,-124.4655,4.19
2019-04-01 14:43:27.510,39.0343,-118.9044,3.6
2019-04-03 12:06:22.980,33.866,-117.7276667,3.61
2019-04-05 17:52:32.570,35.861,-120.4126667,3.5
2019-04-15 11:54:03.180,38.8148333,-122.7991667,4.12
2019-04-15 17:55:57.970,37.3823333,-118.5381667,3.88
2019-04-22 05:45:09.840,36.6018333,-121.2125,3.59
2019-04-23 03:24:03.130,32.9038333,-115.5113333,3.73
2019-04-28 17:03:16.906,39.7969,-117.4942,4.0
2019-04-28 17:10:40.277,39.7957,-117.4572,3.5
2019-04-28 21:56:49.435,39.7909,-117.4778,4.1
2019-04-29 07:16:08.430,39.3456667,-123.238,4.32
2019-04-29 17:37:01.330,37.4186667,-118.3635,3.8
2019-04-30 06:02:56.995,39.7127,-117.4548,3.5
2019-05-01 19:30:20.515,37.9968,-118.4123,3.9
2019-05-07 04:58:38.613,39.7889,-117.4933,3.9
2019-05-10 12:58:56.637,38.3584,-118.1793,3.6
2019-05-21 17:19:52.890,40.6948333,-123.9636667,3.78
2019-05-23 09:53:48.233,38.396,-116.6339,4.2
2019-06-02 01:52:35.288,37.2167,-115.0111,3.5
2019-06-04 01:44:21.280,38.8336667,-122.7973333,3.88
2019-06-05 10:47:18.800,32.8228333,-118.4828333,4.28
2019-06-05 14:32:09.580,32.8376667,-118.5031667,4.3
2019-06-07 04:49:46.740,39.2579,-119.7235,3.7
2019-06-11 07:24:20.720,37.4696,-116.6956,4.1
2019-06-11 07:46:25.470,38.8136667,-122.8233333,4.07
2019-06-13 00:07:33.670,34.0736667,-119.0398333,3.74
2019-06-23 03:53:02.890,40.2735,-124.3003333,5.58
2019-06-23 22:39:10.810,40.3198333,-124.8655,3.87
2019-06-30 23:43:36.868,37.7874,-114.3137,4.2
2019-07-04 17:02:55.340,35.7081667,-117.5036667,3.98
2019-07-04 17:33:49.000,35.7053333,-117.5038333,6.4
2019-07-04 17:35:01.660,35.644,-117.5671667,4.49
2019-07-04 17:35:17.430,35.6886667,-117.474,3.93
2019-07-04 17:35:46.340,35.6936667,-117.437,3.63
2019-07-04 17:35:52.170,35.687,-117.5061667,4.28
2019-07-04 17:36:04.360,35.7341667,-117.5741667,3.94
2019-07-04 17:37:01.140,35.7105,-117.4773333,3.66
2019-07-04 17:37:14.850,35.6655,-117.516,3.97
2019-07-04 17:37:25.640,35.6758333,-117.4575,4.01
2019-07-04 17:37:55.500,35.7456667,-117.5516667,3.86
2019-07-04 17:38:21.450,35.714,-117.476,3.73
2019-07-04 17:38:47.500,35.6215,-117.5782,3.5
2019-07-04 17:38:47.760,35.6235,-117.596,3.5
2019-07-04 17:39:35.360,35.6876667,-117.4931667,3.69
2019-07-04 17:40:02.250,35.7253333,-117.5708333,3.8
2019-07-04 17:40:18.520,35.707,-117.5101667,4.13
2019-07-04 17:40:34.900,35.6948333,-117.5018333,3.54
2019-07-04 17:43:29.200,35.6783,-117.5488,3.6
2019-07-04 17:44:32.820,35.6875,-117.5071667,3.86
2019-07-04 17:47:17.810,35.7455,-117.5465,3.5
2019-07-04 18:01:23.180,35.6876667,-117.5085,3.53
2019-07-04 18:06:16.110,35.6606667,-117.523,3.79
2019-07-04 18:07:09.270,35.5991667,-117.6101667,3.51
2019-07-04 18:08:45.070,35.7108333,-117.4768333,3.55
2019-07-04 18:13:51.400,35.7081667,-117.485,3.5
2019-07-04 18:27:59.440,35.745,-117.5521667,4.23
2019-07-04 18:28:43.640,35.6661667,-117.5656667,3.75
2019-07-04 18:39:44.440,35.6013333,-117.597,4.59
2019-07-04 18:47:06.590,35.6758333,-117.4853333,4.34
2019-07-04 18:47:22.600,35.6755,-117.472,4.02
2019-07-04 18:50:15.910,35.682,-117.4961667,3.7
2019-07-04 18:54:13.990,35.5975,-117.5996667,4.07
2019-07-04 18:56:06.420,35.716,-117.56,4.58
2019-07-04 18:56:22.030,35.7086667,-117.5541667,4.21
2019-07-04 19:21:32.090,35.6715,-117.4788333,4.5
2019-07-04 19:56:00.500,35.6623333,-117.524,4.16
2019-07-04 20:14:50.340,35.6991667,-117.5125,3.99
2019-07-04 22:05:22.270,35.7115,-117.477,3.56
2019-07-04 22:12:08.490,35.7463333,-117.5636667,4.43
2019-07-04 23:12:40.400,35.6731667,-117.4713333,3.53
2019-07-04 23:34:00.630,35.6623333,-117.5245,3.82
2019-07-04 23:34:02.380,35.6011667,-117.6106667,4.04
2019-07-04 23:42:33.830,35.7478333,-117.5678333,3.72
2019-07-05 00:18:01.410,35.7718333,-117.6178333,4.04
2019-07-05 00:32:06.670,35.7033333,-117.4828333,4.02
2019-07-05 00:45:39.460,35.6946667,-117.5083333,3.85
2019-07-05 02:01:59.010,35.6401667,-117.5461667,3.98
2019-07-05 04:11:38.570,35.722,-117.5545,3.53
2019-07-05 04:14:45.300,35.6993333,-117.481,3.56
2019-07-05 06:09:23.110,35.6228333,-117.5716667,3.65
2019-07-05 07:27:37.110,35.7503333,-117.5631667,3.72
2019-07-05 09:46:29.080,35.6496667,-117.5481667,3.62
2019-07-05 10:59:38.920,35.602,-117.5901667,3.54
2019-07-05 11:07:53.040,35.7603333,-117.575,5.37
2019-07-05 11:08:40.190,35.7575,-117.5715,3.75
2019-07-05 12:38:30.020,35.7716667,-117.5706667,4.09
2019-07-05 12:55:04.830,35.7515,-117.5643333,3.65
2019-07-05 14:39:33.450,35.7421667,-117.5666667,3.94
2019-07-05 17:02:36.510,35.6175,-117.5796667,3.84
2019-07-06 00:13:02.720,35.7281667,-117.5618333,3.5
2019-07-06 00:51:25.700,35.7501667,-117.5841667,3.67
2019-07-06 03:16:32.480,35.7253333,-117.5535,4.97
2019-07-06 03:17:13.500,35.7453333,-117.5608333,4.14
2019-07-06 03:19:53.040,35.7695,-117.5993333,7.1
2019-07-06 03:20:36.080,36.0068333,-117.8525,4.33
2019-07-06 03:20:41.140,35.9496667,-117.7376667,4.81
2019-07-06 03:21:10.050,35.8306667,-117.6601667,4.33
2019-07-06 03:21:19.190,35.5423333,-117.5053333,4.15
2019-07-06 03:22:03.570,35.9216667,-117.729,4.64
2019-07-06 03:22:17.100,35.748,-117.5456667,4.55
2019-07-06 03:22:27.160,35.6171667,-117.4275,4.46
2019-07-06 03:22:35.630,35.6166667,-117.4301667,4.73
2019-07-06 03:22:48.300,35.891,-117.7365,4.64
2019-07-06 03:23:07.570,35.8378333,-117.6406667,3.78
2019-07-06 03:23:19.870,35.861,-117.6778333,4.52
2019-07-06 03:23:29.560,35.8778333,-117.724,4.0
2019-07-06 03:23:34.710,35.5685,-117.5165,4.22
2019-07-06 03:23:50.720,35.8031667,-117.6178333,4.84
2019-07-06 03:24:07.550,35.8876667,-117.7201667,3.91
2019-07-06 03:24:15.200,35.9013333,-117.7075,3.52
2019-07-06 03:24:22.370,35.9018333,-117.7273333,4.19
2019-07-06 03:24:33.520,35.8911667,-117.6755,4.07
2019-07-06 03:24:56.850,35.87,-117.5695,3.92
2019-07-06 03:25:19.720,35.903,-117.6911667,3.91
2019-07-06 03:25:27.970,35.8606667,-117.6708333,4.61
2019-07-06 03:25:42.310,35.8708333,-117.6655,3.67
2019-07-06 03:25:49.560,35.6543333,-117.478,3.98
2019-07-06 03:26:04.010,35.8331667,-117.6451667,4.02
2019-07-06 03:26:27.680,35.6135,-117.4368333,3.76
2019-07-06 03:26:40.490,35.8998333,-117.6955,3.57
2019-07-06 03:26:51.990,35.8875,-117.6495,4.09
2019-07-06 03:27:04.570,35.6105,-117.4176667,3.84
2019-07-06 03:27:07.010,35.9138333,-117.7258333,4.5
2019-07-06 03:27:11.370,35.5303333,-117.4313333,4.57
2019-07-06 03:27:18.420,35.8733333,-117.6578333,3.91
2019-07-06 03:27:25.350,35.665,-117.4866667,3.92
2019-07-06 03:27:36.260,35.8895,-117.6975,4.03
2019-07-06 03:28:00.730,35.9106667,-117.7316667,4.09
2019-07-06 03:28:12.340,35.8411667,-117.6598333,4.09
2019-07-06 03:28:25.160,35.8695,-117.6906667,3.98
2019-07-06 03:28:46.550,35.9025,-117.7221667,4.19
2019-07-06 03:29:10.290,35.6566667,-117.4465,4.02
2019-07-06 03:29:15.860,35.8656667,-117.6526667,4.01
2019-07-06 03:29:28.840,35.7325,-117.5088333,4.07
2019-07-06 03:29:32.080,35.9028333,-117.7115,4.51
2019-07-06 03:29:47.130,35.9016667,-117.704,3.57
2019-07-06 03:29:50.040,35.8705,-117.6818333,3.57
2019-07-06 03:30:00.710,35.8845,-117.7018333,3.56
2019-07-06 03:30:25.050,35.5566667,-117.3581667,4.49
2019-07-06 03:30:43.010,35.8671667,-117.7223333,3.53
2019-07-06 03:30:59.670,35.9068333,-117.704,3.9
2019-07-06 03:31:10.380,35.8936667,-117.7216667,3.55
2019-07-06 03:31:24.540,35.6596667,-117.4853333,3.62
2019-07-06 03:31:48.760,35.8883333,-117.6978333,3.97
2019-07-06 03:31:58.270,35.8901667,-117.7121667,3.86
2019-07-06 03:32:25.640,35.8981667,-117.7263333,3.61
2019-07-06 03:32:29.440,35.5985,-117.4145,3.68
2019-07-06 03:32:46.660,35.8903333,-117.7303333,4.17
2019-07-06 03:33:03.660,35.9025,-117.7163333,3.9
2019-07-06 03:33:20.200,35.624,-117.4861667,4.08
2019-07-06 03:33:39.100,35.8933333,-117.7238333,3.8
2019-07-06 03:33:39.450,35.726,-117.5613333,4.01
2019-07-06 03:33:55.940,35.8723333,-117.699,3.51
2019-07-06 03:34:21.530,35.7661667,-117.5875,3.63
2019-07-06 03:34:42.840,35.9058333,-117.6573333,3.74
2019-07-06 03:34:55.980,35.5806667,-117.3961667,3.52
2019-07-06 03:35:05.420,35.6521667,-117.4668333,4.09
2019-07-06 03:35:30.660,35.979,-117.7576667,3.67
2019-07-06 03:36:16.460,35.9028333,-117.7338333,4.35
2019-07-06 03:36:28.480,35.6625,-117.5445,3.85
2019-07-06 03:37:05.160,35.7326667,-117.5268333,3.63
2019-07-06 03:37:25.270,35.8718333,-117.7013333,3.53
2019-07-06 03:38:22.930,35.9128333,-117.7123333,3.79
2019-07-06 03:39:02.720,35.7166667,-117.5515,3.69
2019-07-06 03:39:14.680,35.6136667,-117.433,3.84
2019-07-06 03:39:34.110,35.9021667,-117.7426667,3.74
2019-07-06 03:40:04.140,35.9133333,-117.703,3.65
2019-07-06 03:41:38.650,35.8923333,-117.722,3.98
2019-07-06 03:42:09.680,35.8751667,-117.73,3.57
2019-07-06 03:42:45.760,35.866,-117.6848333,3.57
2019-07-06 03:42:52.530,35.878,-117.7016667,3.86
2019-07-06 03:43:09.040,35.8865,-117.6938333,3.85
2019-07-06 03:44:01.600,35.9135,-117.7276667,3.86
2019-07-06 03:44:10.780,35.7821667,-117.5935,3.6
2019-07-06 03:44:17.710,35.9058333,-117.6941667,3.96
2019-07-06 03:45:54.830,35.7036667,-117.5063333,3.52
2019-07-06 03:46:26.870,35.6805,-117.4703333,4.26
2019-07-06 03:46:38.500,35.6573333,-117.45,3.72
2019-07-06 03:47:00.080,35.902,-117.7436667,3.57
2019-07-06 03:47:53.420,35.9011667,-117.7495,5.5
2019-07-06 03:48:14.550,35.9013333,-117.7486667,3.8
2019-07-06 03:48:24.660,35.9025,-117.69,3.98
2019-07-06 03:48:36.260,35.9108333,-117.7353333,3.55
2019-07-06 03:48:54.220,35.9998333,-117.7223333,3.53
2019-07-06 03:48:57.740,35.9058333,-117.7236667,3.68
2019-07-06 03:49:24.980,35.5571667,-117.3851667,3.78
2019-07-06 03:49:52.420,35.8261667,-117.6841667,3.83
2019-07-06 03:50:04.740,35.6163333,-117.4436667,3.67
2019-07-06 03:50:11.070,35.9036667,-117.7248333,3.79
2019-07-06 03:50:49.350,35.9101667,-117.739,3.79
2019-07-06 03:50:59.710,35.9035,-117.7001667,4.97
2019-07-06 03:51:20.330,35.9373333,-117.6741667,3.76
2019-07-06 03:52:03.730,35.8996667,-117.6963333,3.57
2019-07-06 03:52:54.840,35.5768333,-117.4073333,3.6
2019-07-06 03:52:59.340,35.9273333,-117.7415,3.69
2019-07-06 03:53:40.290,35.8696667,-117.7106667,3.68
2019-07-06 03:53:57.980,35.9025,-117.6808333,3.67
2019-07-06 03:54:46.840,35.78,-117.5856667,3.5
2019-07-06 03:55:20.020,35.9055,-117.6875,4.06
2019-07-06 03:56:33.520,35.918,-117.7361667,3.53
2019-07-06 03:57:37.970,35.8908333,-117.6995,3.59
2019-07-06 03:57:50.900,35.869,-117.6613333,4.31
2019-07-06 03:59:48.610,35.8751667,-117.7141667,3.53
2019-07-06 04:05:27.720,35.6578333,-117.4866667,3.55
2019-07-06 04:05:49.900,35.917,-117.7088333,3.9
2019-07-06 04:06:14.580,35.578,-117.3738333,3.79
2019-07-06 04:07:04.570,35.5551667,-117.5215,4.68
2019-07-06 04:07:15.800,35.8646667,-117.6946667,3.74
2019-07-06 04:07:37.930,35.9103333,-117.7176667,3.62
2019-07-06 04:10:49.060,35.7778333,-117.5806667,3.69
2019-07-06 04:10:58.090,35.8768333,-117.7138333,3.57
2019-07-06 04:11:02.280,35.9,-117.6926667,3.83
2019-07-06 04:12:13.840,35.659,-117.4798333,3.86
2019-07-06 04:12:18.850,35.8873333,-117.7228333,3.87
2019-07-06 04:12:44.170,35.841,-117.6408333,3.57
2019-07-06 04:13:06.130,35.9091667,-117.6893333,3.63
2019-07-06 04:13:07.080,35.5846667,-117.6145,4.8
2019-07-06 04:13:30.590,35.891,-117.7268333,3.52
2019-07-06 04:14:20.800,35.6041667,-117.4026667,3.84
2019-07-06 04:14:31.370,35.6795,-117.4906667,3.74
2019-07-06 04:16:17.230,35.8248333,-117.6715,3.52
2019-07-06 04:16:48.800,35.824,-117.66,3.58
2019-07-06 04:18:36.030,35.694,-117.5381667,3.63
2019-07-06 04:18:55.790,35.9101667,-117.6848333,5.44
2019-07-06 04:19:15.480,35.785,-117.6175,4.29
2019-07-06 04:19:54.940,35.885,-117.717,3.83
2019-07-06 04:19:56.010,35.5808333,-117.4041667,4.01
2019-07-06 04:20:06.180,35.8981667,-117.71,3.53
2019-07-06 04:20:28.200,35.9246667,-117.7088333,3.68
2019-07-06 04:20:46.910,35.8735,-117.7,3.6
2019-07-06 04:21:00.220,35.7971667,-117.6243333,3.53
2019-07-06 04:21:35.820,35.7786667,-117.6121667,4.17
2019-07-06 04:21:53.760,35.7166667,-117.5548333,3.62
2019-07-06 04:22:16.200,35.8611667,-117.6911667,3.64
2019-07-06 04:24:40.670,35.8976667,-117.6995,3.65
2019-07-06 04:24:43.320,35.6741667,-117.549,3.67
2019-07-06 04:27:10.340,35.8871667,-117.7131667,3.59
2019-07-06 04:28:09.260,35.8821667,-117.7261667,3.51
2019-07-06 04:29:02.200,35.7955,-117.6306667,3.6
2019-07-06 04:31:05.250,35.8408333,-117.6601667,3.54
2019-07-06 04:31:19.460,35.5656667,-117.3958333,3.75
2019-07-06 04:33:50.060,35.8285,-117.6625,3.61
2019-07-06 04:34:11.150,35.8965,-117.7398333,3.53
2019-07-06 04:36:50.230,35.8688333,-117.7066667,3.8
2019-07-06 04:36:55.310,35.9,-117.7376667,4.85
2019-07-06 04:37:13.570,35.91,-117.7453333,4.33
2019-07-06 04:38:08.610,35.6326667,-117.434,3.59
2019-07-06 04:40:15.980,35.6428333,-117.4456667,4.24
2019-07-06 04:41:03.050,35.8993333,-117.7248333,3.61
2019-07-06 04:45:36.470,35.9051667,-117.7241667,3.56
2019-07-06 04:49:42.550,35.8815,-117.7301667,3.71
2019-07-06 04:50:04.100,35.7906667,-117.6133333,3.68
2019-07-06 04:50:11.880,35.892,-117.7288333,3.51
2019-07-06 04:50:16.120,35.896,-117.732,3.72
2019-07-06 04:52:04.010,35.8895,-117.7323333,3.54
2019-07-06 04:52:17.710,35.8773333,-117.6945,4.47
2019-07-06 04:53:03.960,35.8966667,-117.7353333,3.54
2019-07-06 04:53:41.990,35.875,-117.6595,3.98
2019-07-06 04:53:45.340,35.5921667,-117.5275,3.66
2019-07-06 04:58:36.690,35.7073333,-117.5706667,4.03
2019-07-06 05:03:07.180,35.8925,-117.7126667,3.51
2019-07-06 05:04:19.720,35.8793333,-117.6948333,3.63
2019-07-06 05:04:23.380,35.8806667,-117.6978333,3.61
2019-07-06 05:08:11.260,35.717,-117.5636667,3.67
2019-07-06 05:10:09.260,35.8918333,-117.7218333,3.51
2019-07-06 05:13:14.990,35.8755,-117.6608333,3.97
2019-07-06 05:15:37.240,35.9128333,-117.7448333,3.52
2019-07-06 05:25:04.870,35.833,-117.6775,4.29
2019-07-06 05:25:36.710,35.7331667,-117.561,3.5
2019-07-06 05:32:59.940,35.8441667,-117.6796667,3.61
2019-07-06 05:41:32.240,35.7838333,-117.6041667,3.56
2019-07-06 05:41:36.030,35.5586667,-117.419,3.66
2019-07-06 05:41:48.390,35.7771667,-117.5573333,3.78
2019-07-06 05:52:05.350,35.6058333,-117.403,3.62
2019-07-06 05:58:17.570,35.9323333,-117.6916667,4.15
2019-07-06 05:59:44.190,35.7376667,-117.574,3.57
2019-07-06 06:00:57.770,35.5535,-117.3465,3.5
2019-07-06 06:01:51.800,35.911,-117.7385,4.63
2019-07-06 06:07:08.680,35.5771667,-117.3635,3.53
2019-07-06 06:12:52.000,35.5813333,-117.3751667,4.27
2019-07-06 06:18:11.250,35.9191667,-117.684,3.55
2019-07-06 06:31:00.730,35.8785,-117.6868333,3.72
2019-07-06 06:31:55.320,35.8893333,-117.7226667,3.55
2019-07-06 06:34:47.410,35.8926667,-117.7248333,4.05
2019-07-06 06:41:15.060,35.8041667,-117.6378333,3.9
2019-07-06 06:47:10.840,35.8661667,-117.6466667,3.57
2019-07-06 06:52:25.970,35.5601667,-117.3983333,3.77
2019-07-06 07:04:42.040,35.89,-117.7315,3.88
2019-07-06 07:05:21.030,35.8891667,-117.7306667,3.56
2019-07-06 07:16:03.150,35.9243333,-117.748,3.75
2019-07-06 07:31:14.490,35.7043333,-117.505,3.62
2019-07-06 07:52:24.520,35.8848333,-117.729,3.73
2019-07-06 07:54:46.580,35.7051667,-117.5576667,3.87
2019-07-06 07:56:03.660,35.6746667,-117.475,3.55
2019-07-06 08:10:50.100,35.9135,-117.7191667,3.62
2019-07-06 08:26:52.560,35.8965,-117.7306667,3.53
2019-07-06 08:28:33.770,35.6318333,-117.4105,3.59
2019-07-06 08:32:57.550,35.639,-117.4913333,4.56
2019-07-06 08:59:55.720,35.6021667,-117.3878333,3.6
2019-07-06 08:59:57.510,35.5498333,-117.3855,3.96
2019-07-06 09:24:23.070,35.8015,-117.641,3.59
2019-07-06 09:27:08.460,35.6183333,-117.5836667,3.51
2019-07-06 09:28:28.980,35.898,-117.7271667,4.89
2019-07-06 09:28:41.790,35.887,-117.7168333,4.24
2019-07-06 09:29:20.970,35.8811667,-117.7175,4.41
2019-07-06 09:30:41.240,35.9098333,-117.7323333,4.49
2019-07-06 09:33:59.740,35.8953333,-117.7235,3.6
2019-07-06 09:34:27.830,35.8871667,-117.7133333,3.51
2019-07-06 09:59:26.600,35.883,-117.7105,3.75
2019-07-06 10:09:18.110,35.5755,-117.5176667,3.52
2019-07-06 10:31:43.930,35.6486667,-117.4546667,3.51
2019-07-06 10:37:27.560,35.5745,-117.3528333,3.82
2019-07-06 10:48:24.460,35.5785,-117.372,4.04
2019-07-06 11:06:43.350,35.7948333,-117.621,3.84
2019-07-06 11:15:20.710,35.646,-117.4656667,3.68
2019-07-06 11:53:08.090,35.8953333,-117.7336667,4.12
2019-07-06 12:05:00.770,35.824,-117.6605,3.57
2019-07-06 13:06:55.260,35.9283333,-117.705,4.5
2019-07-06 13:32:59.500,35.6761667,-117.4873333,3.65
2019-07-06 13:43:18.740,35.6163333,-117.4755,3.64
2019-07-06 13:55:51.090,35.868,-117.705,3.54
2019-07-06 15:45:46.040,36.0993333,-117.827,3.58
2019-07-06 15:59:29.290,35.877,-117.6976667,3.55
2019-07-06 16:36:05.820,35.5705,-117.523,4.14
2019-07-06 16:42:05.120,35.879,-117.7121667,3.51
2019-07-06 17:41:33.190,35.8716667,-117.7168333,3.98
2019-07-06 17:59:14.790,35.9021667,-117.7295,3.96
2019-07-06 18:19:39.620,35.448,-117.3256667,3.55
2019-07-06 18:36:49.990,35.907,-117.7383333,3.72
2019-07-06 18:46:26.040,35.6541667,-117.4648333,3.87
2019-07-06 20:41:30.750,35.692,-117.5133333,3.51
2019-07-06 21:05:24.590,35.7206667,-117.6026667,3.51
2019-07-06 23:21:34.140,35.7003333,-117.5083333,3.71
2019-07-06 23:50:41.990,35.8235,-117.663,4.5
2019-07-07 01:05:07.130,35.6695,-117.516,3.55
2019-07-07 02:06:04.700,35.7601667,-117.5621667,3.6
2019-07-07 02:17:01.710,35.6035,-117.4668333,3.64
2019-07-07 03:13:12.460,35.749,-117.5956667,3.62
2019-07-07 05:38:15.480,35.7683333,-117.5781667,4.53
2019-07-07 06:07:06.460,35.6661667,-117.524,3.5
2019-07-07 07:09:38.840,35.6165,-117.4385,3.6
2019-07-07 08:03:25.610,36.086,-117.8508333,3.68
2019-07-07 09:10:01.710,35.9311667,-117.7033333,3.5
2019-07-07 11:22:16.240,35.8056667,-117.594,4.16
2019-07-07 14:46:40.570,35.9136667,-117.7108333,3.6
2019-07-07 15:48:11.730,35.8225,-117.6583333,3.56
2019-07-07 18:50:02.290,35.5976667,-117.4283333,3.59
2019-07-07 21:15:29.660,35.9458333,-117.6898333,3.79
2019-07-07 22:33:21.390,35.683,-117.529,3.52
2019-07-07 23:36:56.940,35.8303333,-117.6685,3.93
2019-07-08 01:36:58.300,36.1135,-117.8813333,3.76
2019-07-08 01:37:07.910,35.9045,-117.6978333,3.5
2019-07-08 02:41:10.490,41.1244,-116.5991,3.6
2019-07-08 07:18:34.580,35.5498333,-117.377,3.56
2019-07-08 07:31:58.400,36.1566667,-117.8738333,3.55
2019-07-08 08:20:02.410,36.1208333,-117.8575,3.9
2019-07-08 09:57:10.970,35.6541667,-117.4618333,3.5
2019-07-08 16:04:28.280,35.678,-117.5103333,3.83
2019-07-08 17:50:01.470,35.6671667,-117.5003333,3.52
2019-07-08 17:53:47.170,35.555,-117.3123333,3.81
2019-07-09 04:02:54.020,35.9235,-117.4551667,3.56
2019-07-09 08:17:31.570,35.782,-117.6143333,3.58
2019-07-09 10:21:52.370,35.9543333,-117.6768333,3.54
2019-07-09 17:11:28.660,35.7021667,-117.4941667,3.55
2019-07-10 00:48:17.580,36.0571667,-117.8471667,4.07
2019-07-10 01:43:02.630,35.9015,-117.6901667,3.96
2019-07-10 03:42:54.900,35.6426667,-117.4493333,3.61
2019-07-10 07:05:26.260,36.0561667,-117.849,3.69
2019-07-10 12:00:05.090,35.8758333,-117.7076667,3.81
2019-07-10 12:28:56.960,36.0495,-117.8566667,4.18
2019-07-10 14:53:06.080,36.046,-117.8598333,3.52
2019-07-10 15:02:04.290,35.877,-117.6816667,3.56
2019-07-10 18:49:01.420,36.1661667,-117.8825,4.09
2019-07-10 18:51:35.250,36.1695,-117.875,3.7
2019-07-10 18:51:43.830,36.0553333,-117.8541667,3.51
2019-07-10 20:09:51.950,35.6646667,-117.5248333,4.17
2019-07-10 22:15:48.260,36.1731667,-117.8835,3.87
2019-07-10 22:15:53.250,36.1713333,-117.8856667,3.66
2019-07-10 23:58:59.200,35.6723333,-117.4891667,3.62
2019-07-11 00:14:37.320,36.1766667,-117.884,4.52
2019-07-11 00:15:39.220,36.1536667,-117.8763333,4.37
2019-07-11 02:35:22.450,35.9411667,-117.721,3.51
2019-07-11 04:10:01.370,36.0563333,-117.8488333,4.3
2019-07-11 04:45:31.010,35.9558333,-117.2788333,3.57
2019-07-11 05:03:46.140,35.9538333,-117.2803333,3.55
2019-07-11 07:04:05.960,36.1793333,-117.883,4.02
2019-07-11 07:19:49.980,36.1795,-117.8843333,3.53
2019-07-11 10:43:35.390,36.0441667,-117.7231667,3.55
2019-07-11 10:59:45.820,35.9423333,-117.3773333,3.67
2019-07-11 11:36:16.600,35.618,-117.4206667,3.53
2019-07-11 12:20:42.280,35.9403333,-117.3803333,3.52
2019-07-11 15:32:52.260,36.1565,-117.8768333,3.87
2019-07-11 16:19:08.760,36.1823333,-117.8841667,3.72
2019-07-11 16:41:08.500,35.7033333,-117.5061667,3.53
2019-07-11 23:45:18.670,35.95,-117.703,4.14
2019-07-11 23:52:32.220,35.9463333,-117.6985,3.64
2019-07-12 02:18:30.090,36.1815,-117.8843333,3.65
2019-07-12 03:27:53.690,35.9395,-117.3788333,3.94
2019-07-12 13:11:37.990,35.6368333,-117.5861667,4.9
2019-07-13 10:25:19.030,35.9421667,-117.3736667,3.83
2019-07-15 02:54:39.630,35.6643333,-117.5035,3.64
2019-07-15 08:38:45.240,36.056,-117.8506667,4.21
2019-07-15 15:43:36.550,35.6701667,-117.4141667,3.61
2019-07-15 21:29:53.010,35.6785,-117.506,3.69
2019-07-16 02:47:05.040,35.6323333,-117.432,3.8
2019-07-16 05:26:52.660,35.7923333,-117.6235,3.55
2019-07-16 20:11:01.470,37.8186667,-121.7568333,4.31
2019-07-16 20:15:36.780,35.7836667,-117.6143333,4.47
2019-07-16 20:15:59.020,35.6776667,-117.5155,3.54
2019-07-17 02:29:07.380,36.116,-117.884,4.37
2019-07-17 19:42:15.130,35.6498333,-117.461,3.61
2019-07-17 21:49:19.150,36.1156667,-117.8385,3.87
2019-07-18 03:59:14.720,36.113,-117.8875,4.64
2019-07-18 21:46:37.630,35.7841667,-117.6243333,3.65
2019-07-19 10:47:05.410,35.585,-117.3576667,3.65
2019-07-19 16:16:58.420,35.7151667,-117.4948333,3.51
2019-07-19 18:40:14.930,33.4535,-116.5753333,3.6
2019-07-20 02:38:43.360,35.8828333,-117.6843333,3.67
2019-07-20 18:49:58.450,35.874,-117.7071667,3.54
2019-07-21 01:18:33.780,32.2998352,-115.3243332,3.59
2019-07-22 16:26:56.070,33.9966667,-116.045,4.2
2019-07-23 01:36:18.450,35.7455,-117.5565,3.88
2019-07-23 07:45:02.530,35.625,-117.4266667,4.15
2019-07-23 23:45:48.160,35.8893333,-117.7126667,3.65
2019-07-24 14:35:18.550,35.607,-117.6045,3.75
2019-07-26 00:42:47.770,35.9258333,-117.7066667,4.74
2019-07-26 00:45:34.040,35.9351667,-117.6955,3.52
2019-07-27 01:35:37.530,35.5338333,-117.3666667,3.56
2019-07-27 09:37:41.210,36.6938333,-121.3231667,3.7
2019-07-27 10:30:54.410,35.637,-117.474,3.91
2019-07-29 23:19:14.160,35.8228333,-117.6346667,3.53
2019-07-30 16:30:56.350,35.6666667,-117.5063333,3.5
2019-08-14 09:34:19.960,35.8941667,-117.6755,3.57
2019-08-14 21:04:11.030,35.8933333,-117.6755,3.75
2019-08-14 22:52:26.650,36.0805,-117.8628333,3.51
2019-08-15 11:50:24.980,36.077,-117.8606667,3.92
2019-08-19 00:09:12.940,35.6703333,-117.4676667,3.54
2019-08-22 20:49:50.180,35.9076667,-117.709,4.89
2019-08-22 21:11:07.530,35.8881667,-117.7005,3.57
2019-08-23 05:34:09.740,35.9078333,-117.7046667,4.33
2019-08-23 14:16:52.510,38.7718333,-122.4518333,3.6
2019-09-08 14:07:23.350,35.5806667,-117.4148333,3.59
2019-09-10 04:25:55.631,39.5419,-116.5599,4.6
2019-09-10 12:24:42.590,39.5272,-116.4999,3.8
2019-09-10 20:21:49.840,33.594,-117.27,3.96
2019-09-13 06:50:21.890,36.6031667,-121.202,3.82
2019-09-14 09:48:39.690,33.5463333,-118.1716667,3.53
2019-09-16 18:11:51.690,33.3618333,-115.789,3.77
2019-09-19 09:59:46.580,33.3596667,-115.788,3.63
2019-09-24 16:08:13.480,36.0898333,-117.8608333,3.55
2019-09-26 08:30:03.576,37.3929,-117.2562,3.6
2019-10-01 13:11:08.620,35.7436667,-117.5928333,3.59
2019-10-05 15:41:06.700,37.6598333,-122.5145,3.54
2019-10-15 05:33:42.810,37.938,-122.057,4.46
2019-10-15 19:42:30.540,36.6455,-121.274,4.71
2019-10-17 14:54:55.540,36.639,-121.2578333,3.56
2019-10-18 05:34:54.010,35.7775,-117.5878333,3.76
2019-10-18 07:19:51.180,33.8913333,-118.2185,3.54
2019-10-21 10:13:53.230,35.5608333,-117.434,3.58
2019-10-29 15:21:16.830,36.6665,-121.2925,3.75
2019-10-29 16:21:32.590,33.2281667,-116.7433333,3.6
2019-10-30 22:57:26.650,35.5466667,-117.5303333,3.58
2019-11-01 09:33:17.710,36.5698333,-117.9785,3.55
2019-11-02 14:05:50.420,38.8201667,-122.7916667,3.73
2019-11-03 15:45:55.630,35.6326667,-117.4356667,3.53
2019-11-03 20:34:57.030,38.775,-122.767,4.15
2019-11-08 13:29:38.880,34.2788333,-119.2875,3.61
2019-11-12 02:13:52.180,32.7913333,-115.5473333,3.97
2019-11-12 02:14:18.260,32.7758333,-115.5386667,3.61
2019-11-13 19:26:53.250,35.6043333,-117.4065,3.92
2019-11-16 22:11:21.340,36.187,-117.8616667,3.53
2019-11-17 08:02:35.980,36.1835,-117.8668333,3.62
2019-11-26 00:06:03.160,35.5665,-117.3531667,3.59
2019-11-28 23:10:59.710,34.8751667,-117.3905,3.5
2019-11-29 00:49:42.870,35.7125,-117.5678333,3.72
2019-12-05 08:55:31.650,35.6946667,-117.6098333,3.79
2019-12-12 11:13:40.810,35.675,-117.5225,3.51
2019-12-16 22:15:58.550,35.6705,-117.5271667,3.56
2019-12-17 06:57:45.220,35.7153333,-117.5718333,3.6
2019-12-17 18:29:21.030,35.8058333,-120.356,4.29
2019-12-19 15:30:12.980,40.2758333,-124.3633333,4.06
2019-12-21 00:22:47.790,35.6511667,-117.4491667,3.84
2019-12-21 08:24:32.620,35.6466667,-117.458,3.91
2019-12-25 23:15:05.890,32.9236667,-119.1581667,3.74
2019-12-26 19:48:23.610,37.5821667,-118.8218333,3.62
2019-12-27 02:21:47.900,35.7686667,-117.5935,3.95
2020-01-02 07:16:31.930,37.176,-121.5638333,3.86
2020-01-02 10:13:00.020,33.9173333,-119.2283333,4.03
2020-01-12 05:21:02.820,32.3661667,-115.2131667,3.98
2020-01-22 07:41:10.790,34.3005,-118.4855,3.6
2020-01-25 03:03:34.920,35.0975,-116.9696667,4.62
2020-02-01 18:36:54.340,37.5891667,-118.8216667,4.41
2020-02-02 00:59:50.610,33.5768333,-116.8171667,3.64
2020-02-02 17:34:29.739,37.795,-114.3031,3.7
2020-02-02 17:39:09.996,37.8016,-114.3058,3.6
2020-02-06 08:20:24.620,40.3025,-124.3835,3.76
2020-02-08 19:34:20.720,35.095,-116.9671667,3.93
2020-02-13 03:33:42.050,36.6888333,-121.2826667,3.6
2020-02-21 13:42:53.410,34.5075,-118.6345,3.52
2020-02-22 19:14:27.580,40.2895,-124.6736667,4.33
2020-02-26 18:34:13.170,38.8345,-122.7873333,3.68
2020-02-27 23:27:29.870,38.8338333,-122.8066667,3.68
2020-03-02 12:56:26.829,40.5756,-116.2838,3.5
2020-03-03 15:01:01.500,36.4996667,-120.6166667,3.99
2020-03-03 18:21:32.930,39.258,-123.2161667,3.61
2020-03-07 12:51:16.870,36.1145,-117.8621667,3.66
2020-03-08 00:33:32.000,36.1108333,-117.8623333,3.81
2020-03-11 01:17:16.090,39.4751667,-120.2455,3.71
2020-03-13 22:37:29.787,37.5417,-117.7428,4.0
2020-03-18 22:08:20.920,40.3475,-124.4561667,5.21
2020-03-20 11:52:54.030,35.6631667,-117.523,3.59
2020-03-21 01:33:35.369,39.1112,-119.7361,4.5
2020-03-22 16:27:38.070,40.4251667,-124.827,4.78
2020-03-23 05:53:57.260,35.9555,-117.363,4.32
2020-03-25 11:57:38.000,38.7903333,-122.765,4.06
2020-04-04 01:53:18.920,33.4895,-116.5063333,4.87
2020-04-04 01:54:22.570,33.4931667,-116.505,3.76
2020-04-04 02:05:00.170,33.4946667,-116.5153333,3.66
2020-04-04 04:07:22.120,33.4913333,-116.5188333,3.6
2020-04-05 19:20:46.230,37.5271667,-118.8526667,4.05
2020-04-05 22:37:18.820,33.4961667,-116.4961667,3.5
2020-04-06 15:58:14.840,33.577,-115.9081667,3.51
2020-04-08 00:30:49.230,33.4985,-116.5253333,3.54
2020-04-11 02:39:32.515,38.3277,-115.2451,3.7
2020-04-11 14:36:37.040,38.0525,-118.7333333,5.24
2020-04-11 16:22:50.940,38.0421667,-118.758,4.57
2020-04-11 16:29:50.950,38.0471667,-118.7471667,3.56
2020-04-11 16:57:11.760,38.0455,-118.7483333,3.95
2020-04-11 16:57:46.390,38.0446667,-118.7478333,3.71
2020-04-11 21:36:45.620,38.0468333,-118.7513333,4.03
2020-04-13 10:27:40.140,41.9024,-117.1873,3.6
2020-04-15 20:13:05.120,38.046,-118.753,3.88
2020-04-16 13:49:06.380,38.0518333,-118.7508333,3.98
2020-04-17 05:44:04.720,38.0593333,-118.7308333,3.67
2020-04-21 05:13:31.300,38.0443333,-118.7553333,4.01
2020-04-22 07:03:47.740,33.989,-118.3495,3.69
2020-04-27 03:46:00.410,35.6738333,-117.4963333,4.0
2020-04-29 12:10:38.360,37.3256667,-118.3685,3.73
2020-05-02 23:44:37.050,32.7553333,-115.4306667,3.58
2020-05-06 08:27:05.150,33.1843333,-115.6156667,3.87
2020-05-08 14:55:08.468,38.0472,-118.7414,3.7
2020-05-10 22:07:40.370,33.0183333,-116.0201667,4.54
2020-05-15 11:03:27.176,38.1689,-117.8497,6.5
2020-05-15 11:09:09.140,38.1406,-117.9952,4.1
2020-05-15 11:11:32.736,38.188,-117.7692,3.5
2020-05-15 11:12:37.268,38.2029,-117.8787,4.0
2020-05-15 11:17:22.252,38.1485,-117.9092,3.8
2020-05-15 11:18:12.392,38.1596,-117.9598,4.9
2020-05-15 11:25:42.463,38.1737,-117.9736,3.6
2020-05-15 11:26:01.747,38.1811,-117.8711,5.1
2020-05-15 11:30:16.409,38.1337,-117.9888,4.0
2020-05-15 11:52:07.184,38.1469,-117.9831,4.8
2020-05-15 11:58:29.389,38.1681,-117.8892,3.5
2020-05-15 12:00:41.572,38.1667,-117.8104,4.5
2020-05-15 12:10:24.755,38.1621,-117.8707,3.5
2020-05-15 13:02:12.301,38.1663,-117.7952,4.3
2020-05-15 13:35:24.791,38.2234,-117.7759,3.8
2020-05-15 13:39:04.457,38.1437,-117.9485,3.9
2020-05-15 13:51:37.151,38.1692,-117.9421,4.2
2020-05-15 15:07:25.705,38.1562,-117.898,3.9
2020-05-15 15:23:24.676,38.1667,-117.8006,4.8
2020-05-15 16:35:44.855,38.1762,-117.8097,3.9
2020-05-15 16:52:53.596,38.1736,-117.8368,3.5
2020-05-15 17:08:07.430,38.1747,-117.8329,3.7
2020-05-15 17:25:20.680,38.1382,-118.0144,3.5
2020-05-15 17:49:12.712,38.1769,-117.957,3.7
2020-05-15 17:50:16.941,38.173,-117.8295,4.7
2020-05-15 18:10:32.484,38.1858,-117.8436,4.2
2020-05-15 18:52:41.348,38.1717,-117.8588,3.8
2020-05-15 19:05:09.197,38.2146,-117.7234,3.5
2020-05-15 20:03:46.745,38.1703,-117.8377,3.9
2020-05-15 20:54:11.802,38.1569,-117.9723,3.6
2020-05-15 21:29:43.102,38.1871,-117.9445,3.5
2020-05-15 21:59:43.287,38.1656,-117.7984,4.2
2020-05-15 22:15:49.953,38.1518,-118.0136,4.3
2020-05-15 22:25:08.740,38.1798,-117.7294,3.8
2020-05-15 22:46:30.266,38.1692,-117.8419,4.3
2020-05-15 22:50:24.025,38.1829,-117.9186,3.5
2020-05-16 02:50:45.561,38.1619,-118.009,3.5
2020-05-16 04:12:21.434,38.1313,-117.9756,4.6
2020-05-16 04:32:16.920,38.1794,-117.8555,3.8
2020-05-16 05:00:55.039,38.1764,-117.8606,3.7
2020-05-16 05:01:09.090,38.1751,-117.9345,3.8
2020-05-16 06:06:17.317,38.0581,-118.2364,3.7
2020-05-16 06:40:44.959,38.2122,-117.7149,3.6
2020-05-16 06:52:46.021,38.2015,-117.7347,3.5
2020-05-16 06:59:33.774,38.1864,-117.7475,3.5
2020-05-16 09:08:39.557,38.1789,-117.7447,3.5
2020-05-16 10:28:40.650,38.192,-117.9008,3.9
2020-05-16 11:50:54.310,38.2118,-117.7347,4.6
2020-05-16 11:54:23.370,38.1929,-117.7349,3.8
2020-05-16 17:49:59.970,38.1516,-118.0185,3.6
2020-05-16 20:17:44.624,38.2196,-117.763,3.8
2020-05-16 20:58:18.624,38.1799,-117.937,3.7
2020-05-16 23:27:14.582,38.1425,-118.0327,4.4
2020-05-17 05:02:22.838,38.1605,-117.8524,3.5
2020-05-17 06:11:46.361,38.1822,-117.7455,3.5
2020-05-17 08:28:48.506,38.1618,-117.8439,4.3
2020-05-17 11:22:50.299,38.2026,-117.7843,3.7
2020-05-17 11:53:53.336,38.15,-117.9553,4.5
2020-05-17 13:17:55.657,38.1577,-117.9583,3.9
2020-05-17 16:57:13.702,38.1863,-117.7403,3.5
2020-05-17 18:16:52.006,38.1478,-117.9954,3.7
2020-05-17 19:08:23.513,38.1573,-117.9354,3.9
2020-05-17 21:17:02.474,38.1749,-117.8028,4.7
2020-05-17 21:47:44.646,38.1449,-118.0462,4.3
2020-05-17 23:19:54.772,38.1437,-117.9927,3.9
2020-05-18 00:26:22.154,38.1477,-117.9548,3.5
2020-05-18 02:19:08.415,38.1651,-118.0999,4.3
2020-05-18 09:45:55.127,38.1375,-117.9789,3.5
2020-05-19 03:43:22.820,38.1443,-117.8902,3.5
2020-05-19 09:08:33.875,38.1782,-117.8017,4.3
2020-05-19 09:48:50.239,38.1368,-118.0631,3.9
2020-05-19 10:36:37.706,38.1591,-117.859,3.7
2020-05-19 10:58:43.114,38.1776,-117.7921,4.0
2020-05-19 15:58:31.620,40.4538333,-124.562,4.17
2020-05-19 22:12:45.639,38.1755,-117.8535,4.6
2020-05-20 03:13:49.191,38.1373,-118.0667,4.0
2020-05-20 03:49:57.905,38.1255,-118.0627,3.9
2020-05-20 09:45:46.555,38.1257,-118.0724,3.6
2020-05-20 09:46:16.713,38.1351,-118.0676,4.1
2020-05-20 12:36:53.447,38.2012,-117.7453,5.0
2020-05-20 12:38:37.405,38.2073,-117.7592,4.3
2020-05-20 15:49:49.279,38.1599,-117.9569,3.6
2020-05-20 16:40:56.400,35.7031667,-117.497,3.58
2020-05-20 18:38:06.936,38.207,-117.7314,3.5
2020-05-22 00:22:00.588,38.2309,-117.7939,5.1
2020-05-22 13:01:06.439,38.1286,-118.0615,4.2
2020-05-23 09:19:17.810,38.1361,-118.0087,3.6
2020-05-23 13:07:08.774,38.1473,-117.9914,3.5
2020-05-24 09:57:52.260,38.138,-117.9779,3.9
2020-05-24 11:30:37.120,35.871,-117.7166667,3.53
2020-05-24 12:55:09.240,35.8708333,-117.7163333,3.78
2020-05-24 22:32:00.756,38.1846,-117.8843,3.6
2020-05-25 00:41:26.711,38.1935,-117.7384,3.5
2020-05-25 02:55:49.945,38.1442,-117.9892,3.8
2020-05-25 21:40:52.279,38.1705,-117.8548,3.5
2020-05-26 19:53:46.400,32.7123333,-115.7691667,3.59
2020-05-26 22:14:30.301,38.1707,-117.8186,3.6
2020-05-27 00:57:02.389,38.1394,-118.0492,3.8
2020-05-27 04:52:31.080,35.385,-118.9645,3.66
2020-05-27 16:03:23.888,38.1752,-117.8019,4.2
2020-05-28 08:29:46.174,38.1517,-118.026,3.8
2020-05-29 20:45:39.482,38.1878,-117.7428,3.9
2020-05-29 23:43:43.155,38.1508,-117.9934,4.0
2020-05-30 09:22:57.480,38.0481667,-118.7496667,3.61
2020-05-30 15:55:02.403,38.1677,-117.8493,3.7
2020-05-31 01:07:15.780,38.0448333,-118.7618333,4.34
2020-05-31 05:03:15.193,38.1468,-118.0655,3.5
2020-05-31 19:25:29.083,38.1819,-117.78,3.6
2020-06-01 00:54:24.675,38.1666,-117.8454,3.6
2020-06-01 09:38:49.134,38.1739,-117.8708,3.5
2020-06-03 04:36:23.390,35.2301667,-117.1843333,3.9
2020-06-04 00:49:05.739,38.1352,-118.0282,3.6
2020-06-04 01:32:11.140,35.6148333,-117.4281667,5.51
2020-06-04 02:27:54.610,36.1498333,-117.9796667,4.16
2020-06-04 04:37:46.510,35.6061667,-117.4083333,3.54
2020-06-04 10:27:28.650,35.6458333,-117.4233333,3.64
2020-06-05 16:39:07.227,38.1774,-117.7625,3.5
2020-06-06 02:28:14.899,38.1678,-117.8007,4.1
2020-06-06 05:41:19.645,38.1505,-117.9731,3.5
2020-06-06 10:13:04.385,38.1747,-117.7984,3.8
2020-06-07 08:56:17.368,41.2028,-115.9676,3.8
2020-06-07 09:23:25.517,38.1245,-118.0214,3.5
2020-06-08 03:24:05.884,38.2059,-117.7912,4.8
2020-06-08 04:15:05.770,35.6376667,-117.4175,4.29
2020-06-08 08:22:49.986,38.1463,-117.9781,3.6
2020-06-09 13:38:54.522,38.1775,-117.7726,4.2
2020-06-11 04:14:12.590,35.8353333,-117.6818333,3.62
2020-06-13 11:33:19.821,38.0843,-118.2335,3.6
2020-06-15 09:12:36.718,38.1249,-118.0544,3.5
2020-06-16 05:58:22.780,36.0433333,-117.8073333,3.8
2020-06-19 10:26:43.704,38.1716,-117.8182,4.3
2020-06-19 20:42:21.454,38.1698,-117.8345,4.9
2020-06-19 23:25:07.381,38.1733,-117.8125,4.0
2020-06-20 03:49:55.963,38.1748,-117.8174,4.2
2020-06-20 11:24:27.447,38.1778,-117.7965,4.1
2020-06-21 02:01:21.674,38.174,-117.8862,3.5
2020-06-22 09:18:58.193,38.1942,-117.8852,3.6
2020-06-23 00:25:46.390,36.4466667,-117.984,4.65
2020-06-23 00:30:52.730,36.4503333,-117.9776667,3.82
2020-06-23 02:51:58.480,36.4465,-117.983,3.79
2020-06-23 02:52:06.440,36.445,-117.9833333,3.66
2020-06-24 17:40:49.240,36.4468333,-117.9751667,5.8
2020-06-24 17:59:19.960,36.456,-117.9311667,4.59
2020-06-24 18:20:38.300,36.4806667,-117.9681667,3.77
2020-06-24 21:12:48.730,36.4795,-117.9716667,3.73
2020-06-27 01:32:35.125,38.196,-117.7242,3.6
2020-06-28 22:13:58.510,33.2341667,-115.6945,3.7
2020-06-29 01:55:49.010,36.4833333,-117.9756667,3.55
2020-06-30 09:24:23.549,38.1539,-117.9583,5.0
2020-07-05 16:14:07.710,38.788,-122.7663333,3.97
2020-07-06 06:12:54.847,38.1856,-117.8907,4.5
2020-07-08 21:27:44.887,37.5281,-117.4392,3.7
2020-07-13 01:33:16.466,38.1744,-117.8248,3.5
2020-07-14 05:59:28.830,38.045,-118.7393333,3.62
2020-07-14 12:15:18.870,36.4538333,-117.987,3.58
2020-07-19 10:07:44.550,38.0463333,-118.7341667,3.54
2020-07-20 22:01:53.080,34.9318333,-119.0378333,3.6
2020-07-23 00:29:26.230,36.4476667,-117.9891667,3.67
2020-07-23 17:10:35.216,38.1053,-117.9224,4.2
2020-07-24 07:05:13.560,36.4451667,-117.9595,3.74
2020-07-26 02:06:28.540,38.1836,-117.7546,4.4
2020-07-30 03:23:01.850,36.1873333,-120.7653333,3.87
2020-07-30 11:29:29.050,34.3016667,-118.4383333,4.17
2020-07-30 13:48:19.180,34.2936667,-118.4355,3.73
2020-08-03 22:18:51.810,33.8656667,-117.8336667,3.5
2020-08-06 13:01:57.699,38.1346,-118.0389,3.8
2020-08-09 00:00:36.310,40.3061667,-124.6033333,3.8
2020-08-09 03:23:55.890,40.3073333,-124.5788333,3.69
2020-08-10 15:55:48.220,33.2506667,-115.6953333,3.54
2020-08-10 15:56:14.330,33.2468333,-115.69,4.59
2020-08-10 16:03:39.160,33.2503333,-115.688,3.95
2020-08-10 16:13:56.000,33.232,-115.6935,3.73
2020-08-10 17:39:15.940,33.227,-115.6991667,3.51
2020-08-10 19:29:29.720,33.2653333,-115.6841667,4.03
2020-08-11 11:19:57.690,33.2271667,-115.7018333,3.55
2020-08-12 11:45:43.450,38.7866667,-122.7491667,3.9
2020-08-14 10:32:36.709,38.1548,-117.9464,3.5
2020-08-15 01:38:17.805,38.1595,-117.9473,3.7
2020-08-19 00:55:23.190,39.3605,-123.2458333,4.22
2020-08-19 01:59:33.370,39.3631667,-123.2478333,3.9
2020-08-19 04:31:04.995,38.1758,-117.8112,3.8
2020-08-19 17:32:11.070,36.4786667,-117.5141667,4.72
2020-08-21 08:20:08.360,35.6441667,-117.4598333,3.6
2020-08-27 08:48:31.810,39.3533333,-123.2433333,3.52
2020-08-28 11:26:03.310,32.5673333,-115.6891667,3.65
2020-09-01 00:30:52.227,38.1765,-117.8019,3.5
2020-09-06 01:48:36.530,34.564,-120.062,3.9
2020-09-07 00:47:06.884,38.1544,-117.948,3.5
2020-09-08 12:35:17.384,38.1497,-118.0383,3.5
2020-09-09 10:07:28.389,38.1769,-117.8719,3.6
2020-09-11 07:55:45.450,36.4406667,-117.9945,4.22
2020-09-11 08:14:10.210,36.4376667,-117.9933333,3.6
2020-09-15 16:33:36.485,38.1597,-117.9623,4.2
2020-09-19 06:38:46.930,34.038,-118.08,4.54
2020-09-22 19:43:42.615,38.1638,-117.8962,3.6
2020-09-25 17:10:11.370,33.947,-116.3955,3.65
2020-09-29 11:36:11.888,38.1847,-117.7766,3.9
2020-09-30 23:06:02.600,33.045,-115.5901667,3.65
2020-09-30 23:15:30.950,33.0476667,-115.5966667,3.53
2020-09-30 23:31:51.790,33.053,-115.5955,4.35
2020-09-30 23:58:02.300,33.0493333,-115.5848333,3.69
2020-10-01 00:31:27.280,33.0546667,-115.5906667,4.93
2020-10-01 00:33:45.970,33.041,-115.5525,3.62
2020-10-01 00:33:48.650,33.048,-115.591,3.89
2020-10-01 00:34:00.750,33.0283333,-115.5998333,3.7
2020-10-01 00:41:18.390,33.0713333,-115.5983333,4.18
2020-10-01 00:41:34.960,33.0236667,-115.5776667,3.58
2020-10-01 00:58:13.850,33.065,-115.5931667,4.09
2020-10-01 01:10:25.750,33.0443333,-115.5928333,4.12
2020-10-01 01:10:33.800,33.0346667,-115.6603333,3.75
2020-10-01 01:10:44.840,33.0473333,-115.5931667,3.65
2020-10-01 01:11:05.530,33.0413333,-115.5835,3.51
2020-10-01 03:31:00.900,33.084,-115.5898333,3.5
2020-10-01 03:36:34.130,33.0661667,-115.5971667,4.45
2020-10-01 03:37:04.380,33.0518333,-115.575,4.02
2020-10-01 03:40:16.270,33.0725,-115.5976667,3.57
2020-10-01 12:46:38.210,33.0648333,-115.5765,3.5
2020-10-01 14:46:42.020,33.0626667,-115.577,3.62
2020-10-01 22:47:30.980,33.0595,-115.5815,3.87
2020-10-02 06:08:28.090,33.0691667,-115.5726667,3.71
2020-10-02 06:08:50.640,33.0601667,-115.5716667,3.66
2020-10-03 23:26:59.940,33.0223333,-115.5861667,3.62
2020-10-10 01:24:11.430,40.3761667,-123.7326667,3.73
2020-10-18 10:31:34.980,32.4648333,-115.178,3.5
2020-10-20 01:58:50.210,39.3658333,-123.2443333,3.79
2020-10-22 20:59:26.460,33.2,-115.5845,3.91
2020-11-13 09:13:51.862,38.1693,-117.8533,5.3
2020-11-13 09:15:31.744,38.1787,-117.8544,4.0
2020-11-13 09:29:24.412,38.1718,-117.7965,4.3
2020-11-13 21:01:44.990,38.1623,-117.8615,3.5
2020-11-16 04:43:08.432,38.1894,-117.7482,3.6
2020-11-16 10:56:22.320,35.8881667,-117.7236667,3.59
2020-11-17 17:32:32.690,34.8618333,-116.3401667,3.51
2020-11-20 10:10:05.966,38.1746,-117.8015,4.0
2020-11-22 01:35:02.172,38.1759,-117.8895,3.8
2020-11-26 22:59:57.630,33.174,-115.605,3.56
2020-11-29 15:46:52.440,40.279,-124.4136667,3.53
2020-12-01 23:10:47.074,39.4724,-119.3708,3.8
2020-12-01 23:32:56.573,38.1637,-118.0837,5.1
2020-12-01 23:43:08.516,38.1727,-118.0703,4.3
2020-12-01 23:47:05.591,38.1675,-118.0813,4.3
2020-12-02 02:23:45.029,38.1754,-118.0725,4.4
2020-12-02 02:24:00.000,38.1674,-118.0867,4.3
2020-12-02 03:49:15.026,38.167,-118.0901,3.6
2020-12-02 04:49:28.774,38.1692,-118.0711,4.4
2020-12-02 06:08:22.402,38.1653,-118.0902,3.6
2020-12-02 10:41:01.738,38.1722,-118.0796,3.7
2020-12-02 16:08:29.013,38.1653,-118.0826,3.9
2020-12-03 03:18:10.464,38.1654,-117.858,4.0
2020-12-03 05:15:29.993,38.175,-118.0654,4.9
2020-12-04 10:45:06.480,38.82,-122.8088333,3.71
2020-12-05 05:41:29.460,33.4211667,-116.9311667,3.55
2020-12-06 15:03:33.260,39.0376667,-123.0671667,4.39
2020-12-06 15:17:53.130,33.237,-116.6693333,3.62
2020-12-07 08:31:17.123,38.178,-117.8765,3.5
2020-12-12 07:50:52.930,38.1497,-118.1008,4.9
2020-12-12 07:52:59.110,38.1604,-118.0928,3.7
2020-12-12 08:25:01.979,38.145,-118.1032,3.9
2020-12-14 21:20:10.831,38.1554,-118.1231,4.7
2020-12-15 00:35:22.346,38.1598,-117.942,4.3
2020-12-15 05:41:36.358,38.1478,-118.0754,3.6
2020-12-15 14:58:40.020,37.1605,-121.5493333,3.68
2020-12-15 14:59:41.220,37.1608333,-121.5483333,3.54
2020-12-18 16:13:42.360,40.4311667,-124.2291667,3.97
2020-12-22 00:30:00.240,32.3371667,-115.3908333,4.05
2020-12-25 20:25:59.070,33.7473333,-115.9211667,3.64
2020-12-27 04:05:37.240,35.4886667,-118.2883333,3.5
2020-12-27 14:44:40.090,39.5058333,-122.0176667,3.86
2020-12-31 04:22:03.380,38.8388333,-122.8231667,3.63
2021-01-02 14:42:23.790,36.6085,-121.2125,4.32
2021-01-04 18:04:59.600,33.1851667,-115.595,3.95
2021-01-10 17:47:52.729,38.1423,-117.8995,3.9
2021-01-14 19:18:10.680,37.9708333,-122.0406667,3.63
2021-01-15 15:45:45.458,38.1864,-117.7391,3.9
2021-01-15 22:11:07.870,37.9106667,-118.5385,3.9
2021-01-17 02:49:08.800,36.1876667,-118.0938333,4.02
2021-01-17 03:14:49.720,36.1875,-118.0923333,3.75
2021-01-17 04:01:27.110,36.8673333,-121.6105,4.2
2021-01-18 05:00:53.692,38.1655,-118.0699,3.5
2021-01-20 16:31:58.950,33.9186667,-118.2716667,3.52
2021-01-21 01:22:24.920,35.9658333,-117.9123333,3.54
2021-02-01 04:18:48.290,32.7506667,-115.8283333,3.53
2021-02-03 09:23:36.290,32.7516667,-115.8261667,3.74
2021-02-06 23:10:17.227,38.169,-118.0747,3.7
2021-02-07 20:52:25.081,38.1578,-117.846,3.7
2021-02-08 15:15:42.767,38.125,-118.0398,3.8
2021-02-10 01:01:15.790,33.1753333,-115.6136667,3.82
2021-02-10 01:27:09.840,33.1751667,-115.6113333,3.76
2021-02-11 00:07:14.424,41.104,-117.3961,3.7
2021-02-12 23:57:13.500,36.2183333,-117.9266667,4.03
2021-02-14 11:57:50.380,37.2631667,-118.3201667,3.69
2021-02-14 23:42:34.470,35.9725,-117.3201667,3.6
2021-02-22 01:38:13.840,37.0456667,-121.4781667,3.76
2021-02-25 19:30:19.630,38.8178333,-122.8206667,3.81
2021-02-26 19:27:15.113,38.1484,-117.9687,3.7
2021-02-28 08:45:39.170,35.8421667,-121.4531667,3.73
2021-03-24 15:41:13.980,39.2448333,-123.4743333,3.98
2021-03-26 13:34:20.651,38.1614,-117.8439,3.5
2021-03-29 10:38:28.133,38.1483,-117.9666,3.7
2021-03-30 16:04:05.925,38.1718,-118.07,4.4
2021-03-31 08:56:25.940,32.3903333,-115.2498333,4.75
2021-03-31 20:24:26.388,38.1837,-117.9004,3.7
2021-04-02 08:21:35.290,40.3035,-124.601,4.36
2021-04-02 17:10:09.021,38.1942,-117.8875,3.9
2021-04-02 19:08:02.666,38.1774,-117.8718,4.3
2021-04-05 11:44:01.950,33.9405,-118.3333333,4.0
2021-04-07 13:42:05.870,35.6096667,-117.4105,3.64
2021-04-08 03:52:08.190,32.7753333,-115.4328333,3.73
2021-04-08 20:51:15.140,35.6538333,-117.5496667,3.62
2021-04-13 21:35:03.940,33.8063333,-116.0878333,3.54
2021-04-16 04:09:45.220,40.4035,-124.4525,3.54
2021-04-17 11:48:50.775,36.655,-116.2676,3.5
2021-04-19 18:50:58.790,38.757,-122.7228333,3.98
2021-04-20 02:39:04.860,39.5165,-122.017,3.82
2021-04-20 09:48:34.270,40.188,-123.5988333,4.03
2021-04-23 11:18:40.530,39.5256667,-123.0365,3.91
2021-04-25 04:59:28.510,37.267,-121.6395,3.61
2021-04-25 15:33:23.610,39.1283333,-120.0433333,3.7
2021-04-28 11:57:24.950,38.1672,-116.7295,4.1
2021-05-07 04:35:14.150,39.461,-120.3145,4.65
2021-05-08 08:13:52.766,38.192,-117.8644,4.4
2021-05-09 19:26:12.021,38.1706,-117.9699,3.6
2021-05-16 08:39:55.334,38.1889,-117.8646,3.6
2021-05-18 14:44:25.290,36.1631667,-120.2116667,3.63
2021-05-20 01:37:22.690,35.9748333,-117.3245,3.59
2021-05-20 03:43:52.192,38.1634,-117.8509,4.0
2021-05-28 15:25:21.840,39.1221667,-120.0286667,4.15
2021-06-03 04:34:42.450,36.5501667,-121.1141667,3.62
2021-06-03 12:15:32.800,37.3721667,-121.726,3.59
2021-06-05 17:40:51.960,33.1301667,-115.6408333,3.55
2021-06-05 17:45:16.380,33.1375,-115.64,4.08
2021-06-05 17:46:26.060,33.1415,-115.6343333,3.56
2021-06-05 17:46:39.500,33.134,-115.641,3.79
2021-06-05 17:47:53.750,33.1481667,-115.6305,3.89
2021-06-05 17:50:50.980,33.142,-115.639,3.88
2021-06-05 17:55:58.820,33.14,-115.6348333,5.25
2021-06-05 17:57:21.900,33.145,-115.6155,4.29
2021-06-05 18:03:40.050,33.15,-115.6138333,3.51
2021-06-05 18:21:48.750,33.1513333,-115.6186667,4.09
2021-06-06 03:08:23.210,33.1506667,-115.6195,3.61
2021-06-06 08:05:36.600,33.1855,-115.6395,3.81
2021-06-07 05:44:35.620,33.1436667,-115.6266667,3.56
2021-06-07 14:45:22.420,33.1843333,-115.6373333,3.52
2021-06-07 21:08:28.590,33.1666667,-115.64,4.08
2021-06-07 21:24:52.050,33.1583333,-115.6401667,3.61
2021-06-12 04:27:34.880,33.2081667,-115.6498333,3.94
2021-06-12 04:30:28.490,33.2068333,-115.6465,3.85
2021-06-12 04:39:46.510,33.2066667,-115.647,4.32
2021-06-12 04:40:23.030,33.2033333,-115.652,3.79
2021-06-12 04:41:37.860,33.1956667,-115.6543333,3.61
2021-06-12 04:41:38.511,33.2354,-115.6436,4.1407
2021-06-12 04:49:38.280,33.206,-115.656,4.06
2021-06-12 05:55:20.790,33.205,-115.6605,3.79
2021-06-13 06:54:47.290,38.8078333,-122.8291667,3.98
2021-06-14 03:16:24.290,38.8051667,-122.8278333,3.98
2021-06-23 20:06:07.180,34.1468333,-116.4441667,3.57
2021-06-29 01:29:48.060,37.7061667,-122.1223333,3.9
2021-07-03 23:23:51.380,37.0516667,-120.8746667,3.74
2021-07-06 02:38:01.000,35.6815,-117.5335,3.53
2021-07-08 07:36:26.100,38.5531667,-122.323,3.58
2021-07-08 22:49:48.110,38.5075,-119.4998333,6.0
2021-07-08 22:50:14.370,38.5126667,-119.5021667,5.03
2021-07-08 22:59:45.260,38.5128333,-119.5106667,4.31
2021-07-08 23:01:01.350,38.5241667,-119.512,3.66
2021-07-08 23:33:40.900,38.4796667,-119.5448333,4.63
2021-07-08 23:44:41.130,38.5528333,-119.5218333,3.52
2021-07-08 23:47:43.520,38.536,-119.5335,3.76
2021-07-08 23:58:53.570,38.537,-119.524,4.24
2021-07-09 00:03:18.520,38.5365,-119.5353333,3.64
2021-07-09 00:05:21.510,38.4563333,-119.4825,3.92
2021-07-09 00:27:46.560,38.4781667,-119.5103333,4.41
2021-07-09 01:46:00.400,38.5086667,-119.5343333,4.55
2021-07-09 05:04:18.400,38.5291667,-119.512,4.06
2021-07-09 05:10:35.790,38.5426667,-119.5293333,4.34
2021-07-09 05:43:55.340,38.5393333,-119.5386667,3.57
2021-07-09 09:13:49.050,38.5493333,-119.466,3.55
2021-07-10 01:21:01.190,38.5318333,-119.5535,3.76
2021-07-10 02:48:45.260,38.4985,-119.5403333,3.57
2021-07-10 14:05:12.711,38.1997,-117.7673,3.6
2021-07-14 03:46:14.210,38.5486667,-119.4605,3.89
2021-07-15 14:18:29.020,38.5218333,-119.485,3.77
2021-07-17 09:49:10.780,38.5495,-119.469,3.52
2021-07-18 06:46:12.650,40.3235,-124.4255,5.12
2021-07-18 13:24:10.670,38.4241667,-119.4703333,3.6
2021-07-21 10:05:30.050,40.2773333,-124.4131667,4.35
2021-07-21 12:04:18.733,38.1569,-118.2405,3.9
2021-07-24 05:34:46.751,38.1729,-116.7154,3.8
2021-07-29 14:23:29.113,38.0392,-118.6142,3.5
2021-08-02 18:28:54.290,39.6703333,-122.8623333,3.66
2021-08-18 21:45:14.590,33.0733333,-115.9598333,3.98
2021-08-18 21:50:22.940,33.0748333,-115.9675,3.84
2021-08-23 14:57:23.620,33.139,-115.6413333,4.04
2021-08-27 01:47:25.700,38.5558333,-119.4195,3.5
2021-08-27 04:47:44.690,38.5663333,-119.4211667,4.37
2021-08-27 12:34:51.160,35.5151667,-118.3791667,4.0
2021-08-31 08:01:11.180,40.2815,-124.4008333,4.0
2021-08-31 08:01:24.460,40.2713333,-124.3945,3.55
2021-08-31 16:09:56.600,36.5781667,-121.1828333,4.05
2021-08-31 17:21:09.030,40.8826,-114.974,4.7
2021-09-03 05:44:20.480,39.1465,-123.118,3.78
2021-09-04 10:19:07.392,38.1581,-118.2498,3.5
2021-09-05 05:27:45.570,39.143,-123.1191667,3.69
2021-09-09 21:57:56.520,40.2705,-124.3813333,4.47
2021-09-12 15:18:51.697,38.1899,-117.7495,3.7
2021-09-13 14:59:35.980,34.2278333,-118.8976667,3.62
2021-09-14 07:38:52.100,36.2965,-120.5926667,3.79
2021-09-15 12:29:44.360,38.4188333,-119.5606667,3.55
2021-09-17 12:51:58.300,32.4136667,-115.2061667,3.72
2021-09-18 02:58:34.700,33.8313333,-118.2636667,4.28
2021-09-18 19:20:31.030,38.5468333,-119.4986667,3.97
2021-09-23 01:53:41.890,38.5433333,-119.5006667,3.61
2021-09-26 08:51:30.240,40.2491667,-124.1636667,3.61
2021-09-28 15:12:12.240,38.542,-119.5348333,3.8
2021-09-28 15:12:38.630,38.5418333,-119.5315,3.79
2021-10-02 01:42:20.500,35.0691667,-118.321,3.68
2021-10-04 23:07:48.800,36.5891667,-121.2886667,3.66
2021-10-06 14:25:27.520,36.989,-118.3253333,3.52
2021-10-08 00:13:49.320,38.1018333,-118.9533333,3.66
2021-10-12 08:28:37.959,38.1602,-117.901,3.5
2021-10-12 11:29:05.580,40.2886667,-124.4941667,3.84
2021-10-15 00:04:32.500,39.0756,-115.6637,3.6
2021-10-15 12:36:04.947,38.1348,-117.9846,3.7
2021-10-17 13:19:00.720,36.2131667,-117.86,3.98
2021-10-20 08:57:15.880,36.6708333,-121.3173333,3.73
2021-10-23 02:56:39.830,32.0458333,-117.4516667,3.6
2021-10-24 06:49:12.020,32.9675,-115.876,3.55
2021-10-24 14:01:02.280,34.0168333,-118.1973333,3.61
2021-10-25 23:42:35.860,35.7758333,-121.3043333,4.65
2021-10-25 23:49:36.100,35.7688333,-121.3038333,3.53
2021-11-03 00:24:51.300,40.363,-124.2553333,4.38
2021-11-04 00:24:34.080,39.8938333,-123.4245,4.08
2021-11-17 19:43:43.550,37.7891667,-121.9688333,3.86
2021-12-08 10:28:04.820,34.2005,-117.5068333,3.62
2021-12-20 14:25:06.150,40.2881667,-124.5376667,3.98
2021-12-20 20:10:20.310,40.2978333,-124.626,5.65
2021-12-20 20:10:31.310,40.3901667,-124.298,6.2
2021-12-20 20:13:40.750,40.3498333,-124.8993333,4.84
2021-12-20 21:53:46.470,40.3585,-124.2258333,3.93
2021-12-21 03:26:39.360,40.4115,-124.2383333,3.84
2021-12-21 04:34:19.950,40.4475,-124.2841667,3.76
2021-12-23 03:28:52.150,40.3751667,-124.2925,3.87
2021-12-24 14:24:25.370,40.3208333,-124.7,3.6
2021-12-31 20:57:46.030,40.4778333,-124.3288333,3.81
2022-01-03 02:34:48.200,35.284,-119.3906667,3.92
2022-01-04 23:22:39.593,41.094,-115.35,3.6
2022-01-05 07:21:14.365,38.1677,-117.8238,4.2
2022-01-06 00:28:07.010,37.3338333,-117.9023333,4.75
2022-01-06 02:42:10.830,40.3846667,-124.8643333,4.58
2022-01-08 06:21:31.650,34.4365,-118.9911667,3.56
2022-01-10 14:31:27.250,40.9622,-114.9424,3.7
2022-01-13 03:19:08.700,33.4688333,-116.443,3.86
2022-01-22 22:40:11.845,38.2571,-118.3528,4.3
2022-01-27 10:51:22.330,35.0445,-118.9958333,3.51
2022-01-30 07:16:42.456,38.142,-118.0052,3.9
2022-01-30 17:46:26.970,33.3355,-116.9146667,4.0
2022-02-06 23:24:47.510,33.7323333,-117.4786667,3.62
2022-02-11 00:25:02.020,34.4171667,-119.1323333,3.86
2022-02-15 21:16:24.065,38.1814,-117.7833,4.7
2022-02-21 05:06:10.361,38.2511,-118.3624,3.5
2022-02-26 01:42:23.102,38.1861,-117.7771,3.5
2022-02-27 01:44:18.300,34.4211667,-119.132,3.98
2022-03-01 18:17:21.302,38.141,-118.0206,3.5
2022-03-03 11:39:58.200,38.7805,-122.7581667,3.78
2022-03-04 09:57:48.046,38.0585,-115.2581,3.5
2022-03-07 16:22:42.900,38.2258333,-119.08,3.54
2022-03-13 20:51:32.260,36.5846667,-121.1883333,4.12
2022-03-18 04:51:22.290,38.521,-119.5405,3.99
2022-03-19 16:59:41.390,37.0021667,-121.7615,3.58
2022-03-25 21:10:58.610,39.1266667,-122.2585,3.67
2022-03-31 02:05:26.760,37.4093333,-118.6031667,3.93
2022-04-01 11:34:31.115,38.1708,-117.8881,3.5
2022-04-02 10:31:04.680,41.0453333,-123.5105,3.54
2022-04-03 09:51:30.520,35.0381667,-116.9765,3.62
2022-04-04 15:16:46.240,40.4871667,-124.2101667,4.07
2022-04-04 15:18:31.590,40.4816667,-124.2186667,3.8
2022-04-19 20:22:41.540,32.9095,-115.5165,3.61
2022-04-19 20:30:08.420,32.9105,-115.5138333,3.72
2022-04-21 18:58:50.260,32.8948333,-115.5135,3.62
2022-05-09 21:35:33.550,33.0391667,-116.3538333,3.54
2022-05-10 06:53:51.020,35.5251667,-117.3896667,3.53
2022-05-16 06:16:50.290,34.0078333,-116.4448333,3.76
2022-05-26 09:23:32.530,35.6026667,-117.406,4.28
2022-06-02 12:07:22.230,38.0765,-122.0076667,4.14
2022-06-03 10:40:29.910,33.2338333,-116.6641667,3.68
2022-06-08 22:48:21.560,35.5108333,-118.3873333,3.55
2022-06-09 22:26:59.100,40.2915,-124.5188333,3.79
2022-06-16 16:55:23.108,38.1723,-117.8226,3.9
2022-06-20 03:40:29.350,32.3988333,-115.2291667,3.75
2022-06-28 11:57:40.710,38.8301667,-122.7471667,4.19
2022-06-30 17:48:11.909,38.2083,-117.7791,3.9
2022-07-03 17:28:48.393,38.6943,-116.0897,3.5
2022-07-06 06:15:46.400,35.5548333,-118.402,3.53
2022-07-07 01:30:31.400,33.2308333,-116.1063333,3.54
2022-07-11 15:02:04.531,38.687,-116.0878,3.5
2022-07-11 16:47:20.186,38.684,-116.1046,3.5
2022-07-13 10:28:27.290,32.498,-118.2405,3.58
2022-07-14 18:54:03.220,33.2725,-115.9846667,3.58
2022-07-15 01:19:07.000,35.7091667,-117.5843333,4.58
2022-07-17 10:41:43.560,33.4196667,-118.009,3.55
2022-07-17 15:44:26.540,35.5126667,-118.3865,3.8
2022-07-23 01:41:04.680,39.4656667,-121.4761667,4.24
2022-08-02 21:44:06.980,40.3136667,-124.5783333,3.9
2022-08-08 20:44:14.110,38.5816667,-119.446,4.45
2022-08-13 12:33:35.760,40.7575,-123.9355,3.57
2022-08-30 08:44:40.660,32.4063333,-115.2251667,4.03
2022-08-30 18:31:27.831,38.1502,-117.8993,3.9
2022-09-01 13:36:22.150,36.549,-121.0965,4.0
2022-09-03 17:04:55.810,34.0203333,-117.5595,3.57
2022-09-14 01:39:38.730,38.475,-122.7071667,4.39
2022-09-14 01:40:20.420,38.4813333,-122.7036667,4.29
2022-09-16 16:12:42.850,38.5233333,-119.505,3.65
2022-09-18 06:55:48.060,33.7635,-115.9373333,3.53
2022-09-20 14:03:08.070,39.8005,-123.1861667,3.96
2022-09-21 02:43:10.550,40.2941667,-124.4145,3.69
2022-09-24 19:27:39.450,40.3136667,-124.7245,4.84
2022-09-27 08:03:39.320,35.5076667,-118.3885,3.7
2022-10-04 16:38:33.910,32.3381667,-115.2443333,3.57
2022-10-12 00:28:36.750,38.5498333,-119.4411667,3.54
2022-10-12 12:54:07.000,35.0486667,-118.9958333,3.67
2022-10-20 07:55:16.770,40.3495,-123.5185,4.32
2022-10-23 18:16:23.050,40.5781667,-124.14,4.1
2022-10-25 18:42:02.710,37.3115,-121.672,5.06
2022-10-25 22:08:37.200,37.3106667,-121.6751667,3.54
2022-10-27 17:54:22.550,40.3113333,-124.3686667,3.66
2022-11-07 02:01:27.780,39.4828333,-123.1165,3.76
2022-11-23 02:30:13.657,38.1864,-117.8655,3.5
2022-12-01 15:28:29.660,32.8361667,-116.0403333,3.82
2022-12-02 12:21:48.910,37.1563333,-118.338,3.91
2022-12-05 23:13:16.710,37.3258333,-121.6876667,3.59
2022-12-06 00:10:37.510,35.9356667,-120.0126667,3.98
2022-12-06 08:43:21.532,41.9732,-119.5587,3.5
2022-12-07 14:13:22.690,35.5086667,-118.3915,3.59
2022-12-17 11:39:42.860,37.9181667,-122.304,3.57
2022-12-20 10:34:24.770,40.525,-124.423,6.4
2022-12-20 10:39:02.360,40.5228333,-124.1881667,4.92
2022-12-20 10:53:16.680,40.5273333,-124.3543333,3.52
2022-12-20 15:09:05.740,40.6005,-124.0688333,3.99
2022-12-20 22:06:34.380,40.5455,-124.3291667,4.35
2022-12-22 11:49:55.860,40.3601667,-124.3346667,3.79
2022-12-24 19:33:44.190,40.5571667,-124.0083333,4.16
2022-12-31 12:12:26.650,33.3975,-116.3933333,4.14
2023-01-01 06:49:10.190,36.595,-121.2063333,3.9
2023-01-01 18:35:04.510,40.409,-123.971,5.35
2023-01-10 18:32:14.700,40.9488333,-124.0303333,3.61
2023-01-11 17:21:42.950,40.5213333,-124.9323333,4.05
2023-01-13 10:02:52.520,40.5245,-124.41,3.5
2023-01-19 17:15:55.930,36.8096667,-121.531,3.56
2023-01-19 20:30:07.050,41.1286667,-123.8765,3.66
2023-01-20 01:18:07.660,38.7511667,-123.0948333,3.59
2023-01-20 08:01:14.570,41.128,-123.8753333,4.26
2023-01-23 13:58:02.950,37.1093333,-121.5168333,3.62
2023-01-25 10:00:54.680,33.885,-118.7045,4.19
2023-01-25 10:03:33.360,33.8863333,-118.7026667,3.61
2023-01-28 17:16:15.675,38.1734,-117.8643,3.7
2023-01-28 23:56:58.670,40.5355,-124.3973333,3.7
2023-02-05 03:23:06.540,38.1675,-117.8921,3.5
2023-02-22 18:22:12.682,38.1577,-117.8891,3.5
2023-02-28 13:30:51.690,35.6128333,-117.4165,3.56
2023-03-02 21:16:50.530,38.7876667,-122.7821667,3.59
2023-03-07 14:33:12.440,36.5941667,-121.2011667,3.8
2023-03-14 05:00:29.240,37.5176667,-117.9835,3.82
2023-03-14 10:13:18.680,37.5213333,-117.971,3.88
2023-03-15 21:44:05.160,37.5105,-117.9556667,3.75
2023-03-18 07:03:42.530,37.5096667,-117.972,3.87
2023-03-18 14:23:06.660,37.508,-117.9741667,3.7
2023-03-18 16:52:07.010,33.2466667,-115.799,3.55
2023-03-18 17:19:33.150,33.2471667,-115.7958333,3.56
2023-03-21 23:18:19.630,40.5415,-124.3725,4.54
2023-03-26 06:20:45.070,35.7898333,-116.8505,3.59
2023-04-01 01:16:07.810,33.3816667,-116.9096667,4.15
2023-04-04 22:23:17.820,36.801,-121.323,4.41
2023-04-09 02:06:52.420,32.4946667,-115.5726667,3.65
2023-04-12 05:39:51.750,38.8351667,-122.8068333,4.43
2023-04-13 07:42:10.810,38.7865,-122.7635,3.88
2023-04-14 14:56:56.320,32.5215,-115.6255,3.52
2023-04-17 07:45:17.200,33.8713333,-120.446,3.56
2023-04-17 15:27:56.450,34.9518333,-116.7195,3.62
2023-04-20 03:35:47.710,37.9163333,-121.8396667,3.65
2023-04-26 06:46:58.450,34.0288333,-116.8456667,3.56
2023-04-29 12:07:03.500,32.711,-115.5448333,4.09
2023-04-29 21:06:47.870,32.709,-115.5406667,3.71
2023-04-30 07:09:34.500,33.2008333,-115.59,4.33
2023-04-30 07:10:10.180,33.1893333,-115.5933333,4.29
2023-04-30 07:58:19.380,33.2036667,-115.5858333,4.26
2023-05-01 23:13:47.480,38.8905,-123.6595,3.62
2023-05-03 01:40:24.490,35.8715,-117.7166667,3.56
2023-05-06 14:16:02.550,32.7175,-115.5491667,3.55
2023-05-11 23:19:41.990,40.2041667,-121.1095,5.48
2023-05-12 02:54:45.390,40.196,-121.1003333,3.79
2023-05-12 10:18:41.310,40.196,-121.0998333,5.16
2023-05-15 00:13:39.290,32.4671667,-115.9566667,3.63
2023-05-18 15:55:53.710,40.2251667,-121.1346667,3.72
2023-05-21 03:26:29.610,37.2836667,-117.5835,4.26
2023-05-26 11:26:25.000,40.2266667,-121.1478333,4.13
2023-05-30 20:24:52.680,34.0218333,-119.1248333,3.56
2023-06-02 00:23:05.353,39.6139,-119.9797,3.7
2023-06-03 12:01:18.960,38.7921667,-122.7785,4.45
2023-06-03 12:01:28.410,38.7961667,-122.7953333,4.17
2023-06-06 02:56:01.400,40.485,-124.7696667,3.5
2023-06-18 03:44:59.090,39.0893333,-123.0895,4.35
2023-06-19 06:49:11.580,35.498,-118.145,3.57
2023-07-02 09:29:49.230,33.827,-118.881,3.72
2023-07-04 14:58:49.570,40.3898333,-124.4095,3.88
2023-07-05 09:21:20.940,40.2315,-121.1571667,3.5
2023-07-16 04:36:09.978,38.5412,-118.1622,3.8
2023-07-19 07:34:23.821,39.5107,-116.5364,4.5
2023-07-30 13:49:04.320,37.2561667,-121.6323333,3.61
2023-08-02 05:38:08.620,33.186,-115.5735,4.12
2023-08-08 15:58:35.000,32.3811667,-115.1225,3.58
2023-08-10 19:17:18.370,35.9345,-120.484,4.28
2023-08-13 15:28:58.920,40.9506667,-124.2655,3.8
2023-08-17 21:08:00.860,40.3183333,-124.2343333,4.07
2023-08-18 10:46:10.340,32.3973333,-115.1366667,3.67
2023-08-20 21:41:00.970,34.4085,-119.1883333,5.08
2023-08-20 21:45:26.350,34.4273333,-119.1821667,3.52
2023-08-20 22:08:52.590,34.4321667,-119.168,3.66
2023-08-20 22:18:16.380,34.4118333,-119.1921667,3.94
2023-08-21 05:25:16.970,34.4096667,-119.1915,3.94
2023-08-22 11:39:19.080,34.4191667,-119.1645,3.89
2023-08-25 14:14:45.620,38.8246667,-122.8105,3.96
2023-08-29 08:05:33.310,33.0018333,-117.9176667,3.6
2023-09-08 17:24:38.390,40.953,-121.56,4.99
2023-09-08 17:25:05.950,40.9618333,-121.5705,4.33
2023-09-19 00:15:32.580,37.4418333,-121.2848333,3.97
2023-09-19 04:13:10.380,37.4381667,-121.2958333,4.53
2023-09-27 20:00:21.390,38.558,-119.5118333,3.6
2023-09-30 15:26:26.760,40.5588333,-124.2886667,4.65
2023-09-30 17:16:47.830,40.501,-124.4385,4.22
2023-10-01 15:41:29.620,40.2951667,-124.287,4.09
2023-10-01 19:29:36.760,40.2915,-124.2905,3.61
2023-10-05 03:09:58.000,35.041,-117.661,3.52
2023-10-08 21:30:23.900,38.8271667,-122.804,3.87
2023-10-15 17:23:57.056,39.0036,-117.0526,3.5
2023-10-15 19:50:16.440,34.5636667,-119.1363333,3.71
2023-10-16 10:20:49.740,40.3156667,-124.0548333,4.83
2023-10-16 10:31:25.060,40.756,-124.5208333,4.03
2023-10-18 16:29:14.990,38.127,-121.6428333,4.24
2023-10-18 18:26:54.225,39.6241,-119.6313,3.6
2023-10-19 07:43:04.369,39.621,-119.6343,3.6
2023-10-26 16:37:43.155,41.9509,-119.627,3.8
2023-10-28 01:38:31.780,37.6178333,-122.377,3.67
2023-10-28 05:40:18.740,38.5571667,-119.5103333,4.24
2023-11-03 20:12:18.460,34.4215,-119.1696667,4.02
2023-11-05 05:12:57.650,32.8643333,-115.7388333,3.87
2023-11-10 15:30:44.470,38.1859,-117.8543,4.3
2023-11-11 03:15:24.730,40.417,-124.8208333,4.1
2023-11-28 07:59:39.430,34.292,-116.8188333,3.5
2023-12-01 07:43:27.480,32.7518333,-115.8728333,4.8
2023-12-06 04:30:22.080,32.737,-115.8783333,3.65
2023-12-07 06:16:51.830,36.8508333,-120.9696667,3.7
2023-12-13 06:52:19.610,38.7968333,-122.746,3.5
2023-12-30 02:26:27.530,35.4003333,-118.6451667,3.52
2024-01-01 16:27:32.250,33.5798333,-118.3703333,4.06
2024-01-05 18:55:54.870,34.2583333,-117.5088333,4.15
2024-01-15 10:44:10.130,32.4636667,-118.2878333,4.43
2024-01-23 05:26:10.410,41.499,-124.2015,4.33
2024-01-25 03:43:19.970,34.1116667,-117.3115,4.24
2024-01-26 21:28:13.530,38.7911667,-122.7575,4.18
2024-01-29 00:03:00.095,39.4074,-119.6995,3.5
2024-02-03 20:14:14.570,40.4706667,-124.5193333,3.95
2024-02-04 10:52:56.073,41.9778,-119.5983,3.5
2024-02-05 01:06:53.130,35.3936667,-118.2256667,3.78
2024-02-05 08:56:19.480,32.38,-115.4788333,3.82
2024-02-07 09:36:37.940,40.1711667,-121.0485,3.54
2024-02-09 21:47:27.320,34.0575,-118.9076667,4.61
2024-02-10 07:20:19.320,40.2828333,-124.526,4.11
2024-02-12 08:36:25.460,32.8135,-115.5735,4.81
2024-02-12 08:37:47.540,32.8068333,-115.5643333,3.63
2024-02-12 08:38:25.950,32.809,-115.58,3.56
2024-02-12 08:38:34.290,32.8161667,-115.5866667,4.05
2024-02-12 08:42:48.620,32.7998333,-115.5655,4.56
2024-02-12 08:59:51.690,32.794,-115.5618333,3.9
2024-02-12 10:18:35.990,32.7886667,-115.5501667,3.67
2024-02-12 10:18:44.260,32.786,-115.534,3.7
2024-02-12 23:54:43.500,37.4075,-118.55,3.55
2024-02-14 07:53:13.600,33.1276667,-115.623,4.04
2024-02-16 07:38:40.520,34.0386667,-117.595,3.63
2024-03-04 21:02:46.579,40.4036,-116.3653,3.8
2024-03-10 11:23:37.644,41.9951,-119.6084,3.5
2024-03-17 14:53:53.380,40.5575,-123.6748333,3.89
2024-04-05 01:34:25.410,40.0331667,-121.3163333,4.08
2024-04-05 01:34:49.830,40.04,-121.3006667,4.42
2024-04-13 16:08:38.390,33.36,-116.3056667,3.81
2024-04-16 15:23:26.400,36.117,-117.8948333,3.91
2024-04-18 19:19:18.140,35.493,-118.513,4.32
2024-05-01 20:49:00.760,33.8111667,-117.6445,4.12
2024-05-08 01:14:36.590,32.4016667,-115.2483333,4.06
2024-05-12 18:22:42.200,32.4246667,-115.2405,4.86
2024-05-12 18:25:28.390,32.4151667,-115.2638333,3.55
2024-05-12 18:33:44.660,32.41,-115.2566667,4.0
2024-05-12 18:45:00.880,32.4228333,-115.2628333,3.55
2024-05-12 18:53:40.370,32.4261667,-115.227,3.61
2024-05-12 19:04:00.050,32.4115,-115.247,4.58
2024-05-13 04:02:18.810,32.4348333,-115.2281667,4.18
2024-05-13 04:07:34.590,32.4358333,-115.228,3.55
2024-05-15 06:39:03.840,40.8283333333333,-123.901833333333,4.02
2024-05-18 09:36:37.330,32.9333333,-115.5395,3.71
2024-05-18 12:38:00.260,32.9323333,-115.538,3.56
2024-05-18 12:41:52.820,32.9366667,-115.5365,3.5
2024-05-18 15:52:13.820,32.9373333,-115.537,3.69
2024-05-18 16:30:18.050,32.9375,-115.5326667,3.53
2024-05-18 19:17:22.800,32.9298333,-115.5436667,3.83
2024-05-18 23:05:05.150,32.9356667,-115.5425,3.93
2024-05-18 23:13:26.920,32.9328333,-115.5343333,3.71
2024-05-20 12:17:36.030,33.028,-116.0046667,4.05
2024-05-27 14:03:17.600,40.242,-121.1595,3.57
2024-05-31 17:26:53.780,34.4711667,-119.1915,3.58
2024-06-05 08:42:42.220,32.3746667,-115.2001667,4.32
2024-06-05 08:43:34.230,32.3195,-115.1653333,3.84
2024-06-05 11:58:40.930,32.4225,-115.1796667,4.57
2024-06-06 23:52:24.590,33.6311667,-117.9098333,3.58
2024-06-07 16:26:33.450,40.9308333333333,-124.916333333333,4.26
2024-06-08 19:34:29.120,38.814,-122.821833333333,4.48
2024-06-22 03:46:25.830,39.6675,-123.532833333333,4.34
2024-06-23 11:38:47.610,39.6691666666667,-123.539,3.61
2024-06-23 19:17:01.080,33.255,-116.0838333,3.59
2024-06-24 22:30:59.930,35.1131667,-119.1115,4.09
2024-06-29 07:46:07.240,35.038,-116.9825,3.86
2024-06-29 23:35:33.664,39.391,-116.684,4.1
2024-06-30 05:17:44.876,39.3908,-116.7011,3.5
2024-07-06 11:14:53.707,38.2594,-118.79,3.8
2024-07-17 21:59:27.140,33.1956667,-116.386,3.5
2024-07-21 22:09:54.870,33.8143333,-118.471,3.56
2024-07-29 20:00:52.590,34.9503333,-116.7866667,4.87
2024-07-29 20:03:33.150,34.946,-116.7943333,3.51
2024-08-07 04:09:56.760,35.109,-119.097,5.22
2024-08-07 04:10:44.540,35.1088333,-119.115,4.6
2024-08-07 04:17:10.020,35.111,-119.0783333,4.06
2024-08-07 04:17:46.890,35.0876667,-119.1118333,3.58
2024-08-07 06:52:28.530,35.1008333,-119.1076667,3.5
2024-08-07 10:39:19.040,35.1103333,-119.1221667,3.64
2024-08-07 23:43:32.720,35.1018333,-119.1181667,3.78
2024-08-08 02:09:15.010,35.102,-119.0726667,4.44
2024-08-11 09:45:13.490,35.945,-117.6805,3.77
2024-08-12 19:20:24.670,34.0825,-118.1788333,4.39
2024-08-14 03:06:35.540,36.636,-115.7274,4.4
2024-08-15 16:39:31.860,33.674,-117.3981667,3.61
2024-08-23 15:31:58.225,38.6864,-118.5666,4.3
2024-08-25 05:13:45.668,38.6805,-118.5599,3.9
2024-09-07 14:30:36.710,38.7771666666667,-122.746666666667,4.28
2024-09-07 17:34:20.790,34.026,-117.5908333,3.95
2024-09-11 08:31:01.047,37.6474,-115.2783,3.5
2024-09-12 14:28:21.610,34.0565,-118.8126667,4.69
2024-09-16 11:22:08.190,34.0596667,-118.8116667,3.7
2024-09-26 18:24:29.350,36.2068333,-118.0145,3.75
2024-09-29 09:47:33.220,36.9118333333333,-121.653333333333,4.15
2024-10-01 19:56:21.570,34.0398333,-117.608,3.54
2024-10-02 00:45:18.260,36.0808333333333,-120.200666666667,4.02
2024-10-06 00:25:57.740,36.1451667,-117.0811667,3.59
2024-10-06 10:51:08.410,34.0236667,-117.5923333,3.99
2024-10-11 11:41:47.360,36.6063333,-117.1021667,3.63
2024-10-21 00:32:11.130,33.0601667,-117.9728333,3.56
2024-10-24 05:56:02.970,40.2856666666667,-124.281833333333,3.67
2024-10-24 06:18:15.420,40.2756666666667,-124.288333333333,4.0
2024-10-24 06:58:47.140,40.2793333333333,-124.295166666667,4.36
2024-10-24 06:59:49.760,40.2846666666667,-124.292666666667,3.92
2024-10-25 06:52:08.300,36.604,-117.0985,4.16
2024-10-25 08:05:08.290,36.6016667,-117.0911667,4.72
2024-10-25 15:04:23.620,36.5508333,-117.056,4.54
2024-10-28 07:49:24.330,34.5815,-120.519,3.64
2024-11-10 21:53:21.370,33.8585,-115.5245,3.56
2024-11-14 02:40:35.178,38.173,-117.9166,4.3
2024-11-15 21:39:00.210,37.3968333333333,-118.612,3.76
2024-11-22 22:15:54.170,34.0586667,-118.8065,3.77
2024-12-04 18:46:54.621,39.1604,-119.0411,3.8
2024-12-05 17:53:26.420,32.0736667,-117.5431667,3.57
2024-12-05 18:46:10.250,38.8018333333333,-122.8015,3.86
2024-12-05 18:46:29.660,40.349,-124.915,4.67
2024-12-05 18:47:36.030,38.8441666666667,-122.827,4.27
2024-12-05 18:48:06.040,40.4435,-124.455666666667,3.75
2024-12-05 18:57:11.810,40.3043333333333,-124.558666666667,3.54
2024-12-05 18:59:01.900,40.3733333333333,-124.973166666667,3.87
2024-12-05 19:05:51.110,40.3253333333333,-124.671666666667,3.7
2024-12-05 19:10:07.870,40.347,-124.926333333333,3.5
2024-12-05 19:36:38.630,40.3786666666667,-124.949333333333,3.6
2024-12-05 19:38:02.200,40.349,-124.9475,3.66
2024-12-05 19:58:03.410,40.2991666666667,-124.5075,3.51
2024-12-05 20:00:21.180,40.4815,-124.510833333333,3.58
2024-12-05 20:04:22.680,40.3403333333333,-124.908833333333,4.04
2024-12-05 20:04:45.350,40.3396666666667,-124.756,4.43
2024-12-05 21:47:12.800,40.3438333333333,-124.919666666667,3.99
2024-12-05 23:17:37.010,40.379,-124.996,4.17
2024-12-06 03:32:10.450,40.3681666666667,-124.9965,3.72
2024-12-06 05:13:50.770,40.4548333333333,-124.549666666667,3.85
2024-12-06 07:01:51.070,40.3105,-124.706,4.15
2024-12-06 11:56:08.260,40.3856658935547,-124.972999572754,3.82
2024-12-06 13:07:39.860,40.3491668701172,-124.981163024902,3.71
2024-12-06 14:36:13.410,40.3400001525879,-124.914497375488,3.97
2024-12-06 14:58:22.340,40.308,-124.7335,4.22
2024-12-06 15:50:23.470,40.341667175293,-124.951332092285,3.9
2024-12-06 20:01:06.780,40.2888333333333,-124.510833333333,4.04
2024-12-06 20:05:18.470,40.3103332519531,-124.485664367676,3.71
2024-12-06 21:49:21.930,40.2998352050781,-124.484832763672,3.66
2024-12-06 23:02:36.190,40.4031677246094,-124.848831176758,3.62
2024-12-07 09:43:22.970,40.3484992980957,-124.941497802734,3.78
2024-12-08 16:23:14.410,40.3720016479492,-124.954170227051,4.26
2024-12-09 07:15:42.290,40.3485,-124.917666666667,3.95
2024-12-09 08:35:49.640,40.420166015625,-124.782333374023,3.56
2024-12-09 23:08:31.577,39.1675,-119.0238,5.7
2024-12-09 23:39:50.774,39.1714,-119.0294,3.6
2024-12-10 00:39:56.966,39.1686,-119.0225,4.2
2024-12-10 05:55:38.910,38.8218333333333,-122.802833333333,3.93
2024-12-10 10:25:57.500,40.2971666666667,-124.506166666667,3.65
2024-12-10 13:01:07.270,40.3325,-124.792,4.17
2024-12-12 14:50:15.830,40.3751666666667,-124.9925,3.75
2024-12-13 04:54:01.917,39.1596,-119.0367,3.5
2024-12-13 04:57:27.120,40.3306666666667,-124.8465,3.69
2024-12-14 12:42:35.960,40.3541666666667,-124.911833333333,3.86
2024-12-15 02:23:53.987,39.0803,-118.9832,3.6
2024-12-17 01:08:14.980,40.282,-123.710666666667,4.05
2024-12-17 01:28:16.190,40.3293333333333,-124.9225,3.77
2024-12-18 03:52:44.110,40.3041666666667,-124.7315,3.72
2024-12-18 14:45:01.990,40.347,-124.9175,3.7
2024-12-22 01:44:44.620,36.6008338928223,-121.231163024902,3.56
2024-12-22 19:03:49.510,35.772,-118.0116667,3.55
2024-12-27 19:39:33.070,40.3194999694824,-124.895500183105,3.87
2024-12-29 00:21:10.260,40.4545,-123.506833333333,3.58
